D:\Off Limits Tools\Kumori\third_party\osu\osu.Game\Localisation\DefaultRankDisplayStrings.cs(19,2): error FINALNEWLINE: Fix final newline. Insert '\r\n'. [D:\Off Limits Tools\Kumori\third_party\osu\osu.Game\osu.Game.csproj]
D:\Off Limits Tools\Kumori\third_party\osu\osu.Game\Localisation\GameplayMenuOverlayStrings.cs(49,2): error FINALNEWLINE: Fix final newline. Insert '\r\n'. [D:\Off Limits Tools\Kumori\third_party\osu\osu.Game\osu.Game.csproj]
D:\Off Limits Tools\Kumori\third_party\osu\osu.Game\Localisation\ReplayFailIndicatorStrings.cs(24,2): error FINALNEWLINE: Fix final newline. Insert '\r\n'. [D:\Off Limits Tools\Kumori\third_party\osu\osu.Game\osu.Game.csproj]
D:\Off Limits Tools\Kumori\third_party\osu\osu.Game\Localisation\RoomStatusPillStrings.cs(34,2): error FINALNEWLINE: Fix final newline. Insert '\r\n'. [D:\Off Limits Tools\Kumori\third_party\osu\osu.Game\osu.Game.csproj]
D:\Off Limits Tools\Kumori\third_party\osu\osu.Game\Localisation\TouchSettingsStrings.cs(24,2): error FINALNEWLINE: Fix final newline. Insert '\r\n'. [D:\Off Limits Tools\Kumori\third_party\osu\osu.Game\osu.Game.csproj]
D:\Off Limits Tools\Kumori\third_party\osu\osu.Game\Localisation\WindowsAssociationManagerStrings.cs(39,2): error FINALNEWLINE: Fix final newline. Insert '\r\n'. [D:\Off Limits Tools\Kumori\third_party\osu\osu.Game\osu.Game.csproj]
D:\Off Limits Tools\Kumori\third_party\osu\osu.Game\Rulesets\UI\HitObjectContainer.cs(54,36): error ENDOFLINE: Fix end of line marker. Replace 1 characters with '\r\n'. [D:\Off Limits Tools\Kumori\third_party\osu\osu.Game\osu.Game.csproj]
D:\Off Limits Tools\Kumori\third_party\osu\osu.Game\Rulesets\UI\HitObjectContainer.cs(55,10): error ENDOFLINE: Fix end of line marker. Replace 1 characters with '\r\n'. [D:\Off Limits Tools\Kumori\third_party\osu\osu.Game\osu.Game.csproj]
D:\Off Limits Tools\Kumori\third_party\osu\osu.Game\Rulesets\UI\HitObjectContainer.cs(56,42): error ENDOFLINE: Fix end of line marker. Replace 1 characters with '\r\n'. [D:\Off Limits Tools\Kumori\third_party\osu\osu.Game\osu.Game.csproj]
D:\Off Limits Tools\Kumori\third_party\osu\osu.Game\Rulesets\UI\HitObjectContainer.cs(57,10): error ENDOFLINE: Fix end of line marker. Replace 1 characters with '\r\n'. [D:\Off Limits Tools\Kumori\third_party\osu\osu.Game\osu.Game.csproj]
D:\Off Limits Tools\Kumori\third_party\osu\osu.Game\Rulesets\UI\HitObjectContainer.cs(58,1): error ENDOFLINE: Fix end of line marker. Replace 1 characters with '\r\n'. [D:\Off Limits Tools\Kumori\third_party\osu\osu.Game\osu.Game.csproj]
D:\Off Limits Tools\Kumori\third_party\osu\osu.Game\Rulesets\UI\HitObjectContainer.cs(59,22): error ENDOFLINE: Fix end of line marker. Replace 1 characters with '\r\n'. [D:\Off Limits Tools\Kumori\third_party\osu\osu.Game\osu.Game.csproj]
D:\Off Limits Tools\Kumori\third_party\osu\osu.Game\Rulesets\UI\HitObjectContainer.cs(60,81): error ENDOFLINE: Fix end of line marker. Replace 1 characters with '\r\n'. [D:\Off Limits Tools\Kumori\third_party\osu\osu.Game\osu.Game.csproj]
D:\Off Limits Tools\Kumori\third_party\osu\osu.Game\Rulesets\UI\HitObjectContainer.cs(61,71): error ENDOFLINE: Fix end of line marker. Replace 1 characters with '\r\n'. [D:\Off Limits Tools\Kumori\third_party\osu\osu.Game\osu.Game.csproj]
D:\Off Limits Tools\Kumori\third_party\osu\osu.Game\Rulesets\UI\HitObjectContainer.cs(62,23): error ENDOFLINE: Fix end of line marker. Replace 1 characters with '\r\n'. [D:\Off Limits Tools\Kumori\third_party\osu\osu.Game\osu.Game.csproj]
D:\Off Limits Tools\Kumori\third_party\osu\osu.Game\Rulesets\UI\HitObjectContainer.cs(63,58): error ENDOFLINE: Fix end of line marker. Replace 1 characters with '\r\n'. [D:\Off Limits Tools\Kumori\third_party\osu\osu.Game\osu.Game.csproj]
D:\Off Limits Tools\Kumori\third_party\osu\osu.Game\Rulesets\UI\HitObjectContainer.cs(64,10): error ENDOFLINE: Fix end of line marker. Replace 1 characters with '\r\n'. [D:\Off Limits Tools\Kumori\third_party\osu\osu.Game\osu.Game.csproj]
D:\Off Limits Tools\Kumori\third_party\osu\osu.Game\Rulesets\UI\HitObjectContainer.cs(65,44): error ENDOFLINE: Fix end of line marker. Replace 1 characters with '\r\n'. [D:\Off Limits Tools\Kumori\third_party\osu\osu.Game\osu.Game.csproj]
D:\Off Limits Tools\Kumori\third_party\osu\osu.Game\Rulesets\UI\HitObjectContainer.cs(66,46): error ENDOFLINE: Fix end of line marker. Replace 1 characters with '\r\n'. [D:\Off Limits Tools\Kumori\third_party\osu\osu.Game\osu.Game.csproj]
D:\Off Limits Tools\Kumori\third_party\osu\osu.Game\Rulesets\UI\HitObjectContainer.cs(67,10): error ENDOFLINE: Fix end of line marker. Replace 1 characters with '\r\n'. [D:\Off Limits Tools\Kumori\third_party\osu\osu.Game\osu.Game.csproj]
D:\Off Limits Tools\Kumori\third_party\osu\osu.Game\Rulesets\UI\HitObjectContainer.cs(68,1): error ENDOFLINE: Fix end of line marker. Replace 1 characters with '\r\n'. [D:\Off Limits Tools\Kumori\third_party\osu\osu.Game\osu.Game.csproj]
D:\Off Limits Tools\Kumori\third_party\osu\osu.Game\Rulesets\UI\HitObjectContainer.cs(69,22): error ENDOFLINE: Fix end of line marker. Replace 1 characters with '\r\n'. [D:\Off Limits Tools\Kumori\third_party\osu\osu.Game\osu.Game.csproj]
D:\Off Limits Tools\Kumori\third_party\osu\osu.Game\Rulesets\UI\HitObjectContainer.cs(70,80): error ENDOFLINE: Fix end of line marker. Replace 1 characters with '\r\n'. [D:\Off Limits Tools\Kumori\third_party\osu\osu.Game\osu.Game.csproj]
D:\Off Limits Tools\Kumori\third_party\osu\osu.Game\Rulesets\UI\HitObjectContainer.cs(71,30): error ENDOFLINE: Fix end of line marker. Replace 1 characters with '\r\n'. [D:\Off Limits Tools\Kumori\third_party\osu\osu.Game\osu.Game.csproj]
D:\Off Limits Tools\Kumori\third_party\osu\osu.Game\Rulesets\UI\HitObjectContainer.cs(72,23): error ENDOFLINE: Fix end of line marker. Replace 1 characters with '\r\n'. [D:\Off Limits Tools\Kumori\third_party\osu\osu.Game\osu.Game.csproj]
D:\Off Limits Tools\Kumori\third_party\osu\osu.Game\Rulesets\UI\HitObjectContainer.cs(73,59): error ENDOFLINE: Fix end of line marker. Replace 1 characters with '\r\n'. [D:\Off Limits Tools\Kumori\third_party\osu\osu.Game\osu.Game.csproj]
D:\Off Limits Tools\Kumori\third_party\osu\osu.Game\Rulesets\UI\HitObjectContainer.cs(74,10): error ENDOFLINE: Fix end of line marker. Replace 1 characters with '\r\n'. [D:\Off Limits Tools\Kumori\third_party\osu\osu.Game\osu.Game.csproj]
D:\Off Limits Tools\Kumori\third_party\osu\osu.Game\Rulesets\UI\HitObjectContainer.cs(75,39): error ENDOFLINE: Fix end of line marker. Replace 1 characters with '\r\n'. [D:\Off Limits Tools\Kumori\third_party\osu\osu.Game\osu.Game.csproj]
D:\Off Limits Tools\Kumori\third_party\osu\osu.Game\Rulesets\UI\HitObjectContainer.cs(76,41): error ENDOFLINE: Fix end of line marker. Replace 1 characters with '\r\n'. [D:\Off Limits Tools\Kumori\third_party\osu\osu.Game\osu.Game.csproj]
D:\Off Limits Tools\Kumori\third_party\osu\osu.Game\Rulesets\UI\HitObjectContainer.cs(77,10): error ENDOFLINE: Fix end of line marker. Replace 1 characters with '\r\n'. [D:\Off Limits Tools\Kumori\third_party\osu\osu.Game\osu.Game.csproj]
D:\Off Limits Tools\Kumori\third_party\osu\osu.Game\Rulesets\UI\Playfield.cs(169,53): error ENDOFLINE: Fix end of line marker. Replace 1 characters with '\r\n'. [D:\Off Limits Tools\Kumori\third_party\osu\osu.Game\osu.Game.csproj]
D:\Off Limits Tools\Kumori\third_party\osu\osu.Game\Rulesets\UI\Playfield.cs(170,10): error ENDOFLINE: Fix end of line marker. Replace 1 characters with '\r\n'. [D:\Off Limits Tools\Kumori\third_party\osu\osu.Game\osu.Game.csproj]
D:\Off Limits Tools\Kumori\third_party\osu\osu.Game\Rulesets\UI\Playfield.cs(171,34): error ENDOFLINE: Fix end of line marker. Replace 1 characters with '\r\n'. [D:\Off Limits Tools\Kumori\third_party\osu\osu.Game\osu.Game.csproj]
D:\Off Limits Tools\Kumori\third_party\osu\osu.Game\Rulesets\UI\Playfield.cs(172,43): error ENDOFLINE: Fix end of line marker. Replace 1 characters with '\r\n'. [D:\Off Limits Tools\Kumori\third_party\osu\osu.Game\osu.Game.csproj]
D:\Off Limits Tools\Kumori\third_party\osu\osu.Game\Rulesets\UI\Playfield.cs(175,43): error ENDOFLINE: Fix end of line marker. Replace 1 characters with '\r\n'. [D:\Off Limits Tools\Kumori\third_party\osu\osu.Game\osu.Game.csproj]
D:\Off Limits Tools\Kumori\third_party\osu\osu.Game\Rulesets\UI\Playfield.cs(176,10): error ENDOFLINE: Fix end of line marker. Replace 1 characters with '\r\n'. [D:\Off Limits Tools\Kumori\third_party\osu\osu.Game\osu.Game.csproj]
D:\Off Limits Tools\Kumori\third_party\osu\osu.Game\Rulesets\UI\Playfield.cs(177,1): error ENDOFLINE: Fix end of line marker. Replace 1 characters with '\r\n'. [D:\Off Limits Tools\Kumori\third_party\osu\osu.Game\osu.Game.csproj]
D:\Off Limits Tools\Kumori\third_party\osu\osu.Game\Rulesets\UI\Playfield.cs(178,22): error ENDOFLINE: Fix end of line marker. Replace 1 characters with '\r\n'. [D:\Off Limits Tools\Kumori\third_party\osu\osu.Game\osu.Game.csproj]
D:\Off Limits Tools\Kumori\third_party\osu\osu.Game\Rulesets\UI\Playfield.cs(179,73): error ENDOFLINE: Fix end of line marker. Replace 1 characters with '\r\n'. [D:\Off Limits Tools\Kumori\third_party\osu\osu.Game\osu.Game.csproj]
D:\Off Limits Tools\Kumori\third_party\osu\osu.Game\Rulesets\UI\Playfield.cs(180,78): error ENDOFLINE: Fix end of line marker. Replace 1 characters with '\r\n'. [D:\Off Limits Tools\Kumori\third_party\osu\osu.Game\osu.Game.csproj]
D:\Off Limits Tools\Kumori\third_party\osu\osu.Game\Rulesets\UI\Playfield.cs(181,61): error ENDOFLINE: Fix end of line marker. Replace 1 characters with '\r\n'. [D:\Off Limits Tools\Kumori\third_party\osu\osu.Game\osu.Game.csproj]
D:\Off Limits Tools\Kumori\third_party\osu\osu.Game\Rulesets\UI\Playfield.cs(182,23): error ENDOFLINE: Fix end of line marker. Replace 1 characters with '\r\n'. [D:\Off Limits Tools\Kumori\third_party\osu\osu.Game\osu.Game.csproj]
D:\Off Limits Tools\Kumori\third_party\osu\osu.Game\Rulesets\UI\Playfield.cs(183,72): error ENDOFLINE: Fix end of line marker. Replace 1 characters with '\r\n'. [D:\Off Limits Tools\Kumori\third_party\osu\osu.Game\osu.Game.csproj]
D:\Off Limits Tools\Kumori\third_party\osu\osu.Game\Rulesets\UI\Playfield.cs(184,10): error ENDOFLINE: Fix end of line marker. Replace 1 characters with '\r\n'. [D:\Off Limits Tools\Kumori\third_party\osu\osu.Game\osu.Game.csproj]
D:\Off Limits Tools\Kumori\third_party\osu\osu.Game\Rulesets\UI\Playfield.cs(185,41): error ENDOFLINE: Fix end of line marker. Replace 1 characters with '\r\n'. [D:\Off Limits Tools\Kumori\third_party\osu\osu.Game\osu.Game.csproj]
D:\Off Limits Tools\Kumori\third_party\osu\osu.Game\Rulesets\UI\Playfield.cs(186,50): error ENDOFLINE: Fix end of line marker. Replace 1 characters with '\r\n'. [D:\Off Limits Tools\Kumori\third_party\osu\osu.Game\osu.Game.csproj]
D:\Off Limits Tools\Kumori\third_party\osu\osu.Game\Rulesets\UI\Playfield.cs(187,1): error ENDOFLINE: Fix end of line marker. Replace 1 characters with '\r\n'. [D:\Off Limits Tools\Kumori\third_party\osu\osu.Game\osu.Game.csproj]
D:\Off Limits Tools\Kumori\third_party\osu\osu.Game\Rulesets\UI\Playfield.cs(188,49): error ENDOFLINE: Fix end of line marker. Replace 1 characters with '\r\n'. [D:\Off Limits Tools\Kumori\third_party\osu\osu.Game\osu.Game.csproj]
D:\Off Limits Tools\Kumori\third_party\osu\osu.Game\Rulesets\UI\Playfield.cs(189,14): error ENDOFLINE: Fix end of line marker. Replace 1 characters with '\r\n'. [D:\Off Limits Tools\Kumori\third_party\osu\osu.Game\osu.Game.csproj]
D:\Off Limits Tools\Kumori\third_party\osu\osu.Game\Rulesets\UI\Playfield.cs(190,56): error ENDOFLINE: Fix end of line marker. Replace 1 characters with '\r\n'. [D:\Off Limits Tools\Kumori\third_party\osu\osu.Game\osu.Game.csproj]
D:\Off Limits Tools\Kumori\third_party\osu\osu.Game\Rulesets\UI\Playfield.cs(191,54): error ENDOFLINE: Fix end of line marker. Replace 1 characters with '\r\n'. [D:\Off Limits Tools\Kumori\third_party\osu\osu.Game\osu.Game.csproj]
D:\Off Limits Tools\Kumori\third_party\osu\osu.Game\Rulesets\UI\Playfield.cs(192,15): error ENDOFLINE: Fix end of line marker. Replace 1 characters with '\r\n'. [D:\Off Limits Tools\Kumori\third_party\osu\osu.Game\osu.Game.csproj]
D:\Off Limits Tools\Kumori\third_party\osu\osu.Game\Rulesets\UI\Playfield.cs(193,80): error ENDOFLINE: Fix end of line marker. Replace 1 characters with '\r\n'. [D:\Off Limits Tools\Kumori\third_party\osu\osu.Game\osu.Game.csproj]
D:\Off Limits Tools\Kumori\third_party\osu\osu.Game\Rulesets\UI\Playfield.cs(194,77): error ENDOFLINE: Fix end of line marker. Replace 1 characters with '\r\n'. [D:\Off Limits Tools\Kumori\third_party\osu\osu.Game\osu.Game.csproj]
D:\Off Limits Tools\Kumori\third_party\osu\osu.Game\Rulesets\UI\Playfield.cs(195,76): error ENDOFLINE: Fix end of line marker. Replace 1 characters with '\r\n'. [D:\Off Limits Tools\Kumori\third_party\osu\osu.Game\osu.Game.csproj]
D:\Off Limits Tools\Kumori\third_party\osu\osu.Game\Rulesets\UI\Playfield.cs(196,49): error ENDOFLINE: Fix end of line marker. Replace 1 characters with '\r\n'. [D:\Off Limits Tools\Kumori\third_party\osu\osu.Game\osu.Game.csproj]
D:\Off Limits Tools\Kumori\third_party\osu\osu.Game\Rulesets\UI\Playfield.cs(197,46): error ENDOFLINE: Fix end of line marker. Replace 1 characters with '\r\n'. [D:\Off Limits Tools\Kumori\third_party\osu\osu.Game\osu.Game.csproj]
D:\Off Limits Tools\Kumori\third_party\osu\osu.Game\Rulesets\UI\Playfield.cs(198,10): error ENDOFLINE: Fix end of line marker. Replace 1 characters with '\r\n'. [D:\Off Limits Tools\Kumori\third_party\osu\osu.Game\osu.Game.csproj]
D:\Off Limits Tools\Kumori\third_party\osu\osu.Game\Rulesets\UI\Playfield.cs(199,1): error ENDOFLINE: Fix end of line marker. Replace 1 characters with '\r\n'. [D:\Off Limits Tools\Kumori\third_party\osu\osu.Game\osu.Game.csproj]
D:\Off Limits Tools\Kumori\third_party\osu\osu.Game\Rulesets\UI\Playfield.cs(200,22): error ENDOFLINE: Fix end of line marker. Replace 1 characters with '\r\n'. [D:\Off Limits Tools\Kumori\third_party\osu\osu.Game\osu.Game.csproj]
D:\Off Limits Tools\Kumori\third_party\osu\osu.Game\Rulesets\UI\Playfield.cs(201,77): error ENDOFLINE: Fix end of line marker. Replace 1 characters with '\r\n'. [D:\Off Limits Tools\Kumori\third_party\osu\osu.Game\osu.Game.csproj]
D:\Off Limits Tools\Kumori\third_party\osu\osu.Game\Rulesets\UI\Playfield.cs(202,80): error ENDOFLINE: Fix end of line marker. Replace 1 characters with '\r\n'. [D:\Off Limits Tools\Kumori\third_party\osu\osu.Game\osu.Game.csproj]
D:\Off Limits Tools\Kumori\third_party\osu\osu.Game\Rulesets\UI\Playfield.cs(203,44): error ENDOFLINE: Fix end of line marker. Replace 1 characters with '\r\n'. [D:\Off Limits Tools\Kumori\third_party\osu\osu.Game\osu.Game.csproj]
D:\Off Limits Tools\Kumori\third_party\osu\osu.Game\Rulesets\UI\Playfield.cs(204,23): error ENDOFLINE: Fix end of line marker. Replace 1 characters with '\r\n'. [D:\Off Limits Tools\Kumori\third_party\osu\osu.Game\osu.Game.csproj]
D:\Off Limits Tools\Kumori\third_party\osu\osu.Game\Rulesets\UI\Playfield.cs(205,88): error ENDOFLINE: Fix end of line marker. Replace 1 characters with '\r\n'. [D:\Off Limits Tools\Kumori\third_party\osu\osu.Game\osu.Game.csproj]
D:\Off Limits Tools\Kumori\third_party\osu\osu.Game\Screens\Play\Player.cs(254,96): error ENDOFLINE: Fix end of line marker. Replace 1 characters with '\r\n'. [D:\Off Limits Tools\Kumori\third_party\osu\osu.Game\osu.Game.csproj]
D:\Off Limits Tools\Kumori\third_party\osu\osu.Game\Screens\Play\Player.cs(255,53): error ENDOFLINE: Fix end of line marker. Replace 1 characters with '\r\n'. [D:\Off Limits Tools\Kumori\third_party\osu\osu.Game\osu.Game.csproj]
D:\Off Limits Tools\Kumori\third_party\osu\osu.Game\Screens\Play\Player.cs(256,51): error ENDOFLINE: Fix end of line marker. Replace 1 characters with '\r\n'. [D:\Off Limits Tools\Kumori\third_party\osu\osu.Game\osu.Game.csproj]
D:\Off Limits Tools\Kumori\third_party\osu\osu.Game\Screens\Play\Player.cs(437,185): error ENDOFLINE: Fix end of line marker. Replace 1 characters with '\r\n'. [D:\Off Limits Tools\Kumori\third_party\osu\osu.Game\osu.Game.csproj]
D:\Off Limits Tools\Kumori\third_party\osu\osu.Game\Screens\Play\Player.cs(438,1): error ENDOFLINE: Fix end of line marker. Replace 1 characters with '\r\n'. [D:\Off Limits Tools\Kumori\third_party\osu\osu.Game\osu.Game.csproj]
D:\Off Limits Tools\Kumori\third_party\osu\osu.Game\Screens\Play\Player.cs(439,22): error ENDOFLINE: Fix end of line marker. Replace 1 characters with '\r\n'. [D:\Off Limits Tools\Kumori\third_party\osu\osu.Game\osu.Game.csproj]
D:\Off Limits Tools\Kumori\third_party\osu\osu.Game\Screens\Play\Player.cs(440,83): error ENDOFLINE: Fix end of line marker. Replace 1 characters with '\r\n'. [D:\Off Limits Tools\Kumori\third_party\osu\osu.Game\osu.Game.csproj]
D:\Off Limits Tools\Kumori\third_party\osu\osu.Game\Screens\Play\Player.cs(441,49): error ENDOFLINE: Fix end of line marker. Replace 1 characters with '\r\n'. [D:\Off Limits Tools\Kumori\third_party\osu\osu.Game\osu.Game.csproj]
D:\Off Limits Tools\Kumori\third_party\osu\osu.Game\Screens\Play\Player.cs(442,23): error ENDOFLINE: Fix end of line marker. Replace 1 characters with '\r\n'. [D:\Off Limits Tools\Kumori\third_party\osu\osu.Game\osu.Game.csproj]
D:\Off Limits Tools\Kumori\third_party\osu\osu.Game\Screens\Play\Player.cs(443,87): error ENDOFLINE: Fix end of line marker. Replace 1 characters with '\r\n'. [D:\Off Limits Tools\Kumori\third_party\osu\osu.Game\osu.Game.csproj]
D:\Off Limits Tools\Kumori\third_party\osu\osu.Game\Screens\Play\Player.cs(444,10): error ENDOFLINE: Fix end of line marker. Replace 1 characters with '\r\n'. [D:\Off Limits Tools\Kumori\third_party\osu\osu.Game\osu.Game.csproj]
D:\Off Limits Tools\Kumori\third_party\osu\osu.Game\Screens\Play\Player.cs(445,10): error ENDOFLINE: Fix end of line marker. Replace 1 characters with '\r\n'. [D:\Off Limits Tools\Kumori\third_party\osu\osu.Game\osu.Game.csproj]
D:\Off Limits Tools\Kumori\third_party\osu\osu.Game.Rulesets.Osu\Objects\Drawables\DrawableHitCircle.cs(10,41): error ENDOFLINE: Fix end of line marker. Replace 1 characters with '\r\n'. [D:\Off Limits Tools\Kumori\third_party\osu\osu.Game.Rulesets.Osu\osu.Game.Rulesets.Osu.csproj]
D:\Off Limits Tools\Kumori\third_party\osu\osu.Game.Rulesets.Osu\Objects\Drawables\DrawableHitCircle.cs(42,50): error ENDOFLINE: Fix end of line marker. Replace 1 characters with '\r\n'. [D:\Off Limits Tools\Kumori\third_party\osu\osu.Game.Rulesets.Osu\osu.Game.Rulesets.Osu.csproj]
D:\Off Limits Tools\Kumori\third_party\osu\osu.Game.Rulesets.Osu\Objects\Drawables\DrawableHitCircle.cs(43,55): error ENDOFLINE: Fix end of line marker. Replace 1 characters with '\r\n'. [D:\Off Limits Tools\Kumori\third_party\osu\osu.Game.Rulesets.Osu\osu.Game.Rulesets.Osu.csproj]
D:\Off Limits Tools\Kumori\third_party\osu\osu.Game.Rulesets.Osu\Objects\Drawables\DrawableHitCircle.cs(81,58): error ENDOFLINE: Fix end of line marker. Replace 1 characters with '\r\n'. [D:\Off Limits Tools\Kumori\third_party\osu\osu.Game.Rulesets.Osu\osu.Game.Rulesets.Osu.csproj]
D:\Off Limits Tools\Kumori\third_party\osu\osu.Game.Rulesets.Osu\Objects\Drawables\DrawableHitCircle.cs(82,54): error ENDOFLINE: Fix end of line marker. Replace 1 characters with '\r\n'. [D:\Off Limits Tools\Kumori\third_party\osu\osu.Game.Rulesets.Osu\osu.Game.Rulesets.Osu.csproj]
D:\Off Limits Tools\Kumori\third_party\osu\osu.Game.Rulesets.Osu\Objects\Drawables\DrawableHitCircle.cs(83,30): error ENDOFLINE: Fix end of line marker. Replace 1 characters with '\r\n'. [D:\Off Limits Tools\Kumori\third_party\osu\osu.Game.Rulesets.Osu\osu.Game.Rulesets.Osu.csproj]
D:\Off Limits Tools\Kumori\third_party\osu\osu.Game.Rulesets.Osu\Objects\Drawables\DrawableHitCircle.cs(84,146): error ENDOFLINE: Fix end of line marker. Replace 1 characters with '\r\n'. [D:\Off Limits Tools\Kumori\third_party\osu\osu.Game.Rulesets.Osu\osu.Game.Rulesets.Osu.csproj]
D:\Off Limits Tools\Kumori\third_party\osu\osu.Game.Rulesets.Osu\Objects\Drawables\DrawableHitCircle.cs(334,70): error ENDOFLINE: Fix end of line marker. Replace 1 characters with '\r\n'. [D:\Off Limits Tools\Kumori\third_party\osu\osu.Game.Rulesets.Osu\osu.Game.Rulesets.Osu.csproj]
D:\Off Limits Tools\Kumori\third_party\osu\osu.Game.Rulesets.Osu\Objects\Drawables\DrawableHitCircle.cs(335,1): error ENDOFLINE: Fix end of line marker. Replace 1 characters with '\r\n'. [D:\Off Limits Tools\Kumori\third_party\osu\osu.Game.Rulesets.Osu\osu.Game.Rulesets.Osu.csproj]
D:\Off Limits Tools\Kumori\third_party\osu\osu.Game.Rulesets.Osu\Objects\Drawables\DrawableHitCircle.cs(336,22): error ENDOFLINE: Fix end of line marker. Replace 1 characters with '\r\n'. [D:\Off Limits Tools\Kumori\third_party\osu\osu.Game.Rulesets.Osu\osu.Game.Rulesets.Osu.csproj]
D:\Off Limits Tools\Kumori\third_party\osu\osu.Game.Rulesets.Osu\Objects\Drawables\DrawableHitCircle.cs(337,75): error ENDOFLINE: Fix end of line marker. Replace 1 characters with '\r\n'. [D:\Off Limits Tools\Kumori\third_party\osu\osu.Game.Rulesets.Osu\osu.Game.Rulesets.Osu.csproj]
D:\Off Limits Tools\Kumori\third_party\osu\osu.Game.Rulesets.Osu\Objects\Drawables\DrawableHitCircle.cs(338,80): error ENDOFLINE: Fix end of line marker. Replace 1 characters with '\r\n'. [D:\Off Limits Tools\Kumori\third_party\osu\osu.Game.Rulesets.Osu\osu.Game.Rulesets.Osu.csproj]
D:\Off Limits Tools\Kumori\third_party\osu\osu.Game.Rulesets.Osu\Objects\Drawables\DrawableHitCircle.cs(339,23): error ENDOFLINE: Fix end of line marker. Replace 1 characters with '\r\n'. [D:\Off Limits Tools\Kumori\third_party\osu\osu.Game.Rulesets.Osu\osu.Game.Rulesets.Osu.csproj]
D:\Off Limits Tools\Kumori\third_party\osu\osu.Game.Rulesets.Osu\Objects\Drawables\DrawableHitCircle.cs(340,82): error ENDOFLINE: Fix end of line marker. Replace 1 characters with '\r\n'. [D:\Off Limits Tools\Kumori\third_party\osu\osu.Game.Rulesets.Osu\osu.Game.Rulesets.Osu.csproj]
D:\Off Limits Tools\Kumori\third_party\osu\osu.Game.Rulesets.Osu\Objects\Drawables\DrawableHitCircle.cs(341,1): error ENDOFLINE: Fix end of line marker. Replace 1 characters with '\r\n'. [D:\Off Limits Tools\Kumori\third_party\osu\osu.Game.Rulesets.Osu\osu.Game.Rulesets.Osu.csproj]
D:\Off Limits Tools\Kumori\third_party\osu\osu.Game.Rulesets.Osu\Objects\Drawables\DrawableHitCircle.cs(342,22): error ENDOFLINE: Fix end of line marker. Replace 1 characters with '\r\n'. [D:\Off Limits Tools\Kumori\third_party\osu\osu.Game.Rulesets.Osu\osu.Game.Rulesets.Osu.csproj]
D:\Off Limits Tools\Kumori\third_party\osu\osu.Game.Rulesets.Osu\Objects\Drawables\DrawableHitCircle.cs(343,78): error ENDOFLINE: Fix end of line marker. Replace 1 characters with '\r\n'. [D:\Off Limits Tools\Kumori\third_party\osu\osu.Game.Rulesets.Osu\osu.Game.Rulesets.Osu.csproj]
D:\Off Limits Tools\Kumori\third_party\osu\osu.Game.Rulesets.Osu\Objects\Drawables\DrawableHitCircle.cs(344,55): error ENDOFLINE: Fix end of line marker. Replace 1 characters with '\r\n'. [D:\Off Limits Tools\Kumori\third_party\osu\osu.Game.Rulesets.Osu\osu.Game.Rulesets.Osu.csproj]
D:\Off Limits Tools\Kumori\third_party\osu\osu.Game.Rulesets.Osu\Objects\Drawables\DrawableHitCircle.cs(345,23): error ENDOFLINE: Fix end of line marker. Replace 1 characters with '\r\n'. [D:\Off Limits Tools\Kumori\third_party\osu\osu.Game.Rulesets.Osu\osu.Game.Rulesets.Osu.csproj]
D:\Off Limits Tools\Kumori\third_party\osu\osu.Game.Rulesets.Osu\Objects\Drawables\DrawableHitCircle.cs(346,75): error ENDOFLINE: Fix end of line marker. Replace 1 characters with '\r\n'. [D:\Off Limits Tools\Kumori\third_party\osu\osu.Game.Rulesets.Osu\osu.Game.Rulesets.Osu.csproj]
D:\Off Limits Tools\Kumori\third_party\osu\osu.Game.Rulesets.Osu\Objects\Drawables\DrawableHitCircle.cs(347,1): error ENDOFLINE: Fix end of line marker. Replace 1 characters with '\r\n'. [D:\Off Limits Tools\Kumori\third_party\osu\osu.Game.Rulesets.Osu\osu.Game.Rulesets.Osu.csproj]
D:\Off Limits Tools\Kumori\third_party\osu\osu.Game.Rulesets.Osu\Objects\Drawables\DrawableHitCircle.cs(348,46): error ENDOFLINE: Fix end of line marker. Replace 1 characters with '\r\n'. [D:\Off Limits Tools\Kumori\third_party\osu\osu.Game.Rulesets.Osu\osu.Game.Rulesets.Osu.csproj]
D:\Off Limits Tools\Kumori\third_party\osu\osu.Game.Rulesets.Osu\Objects\Drawables\DrawableSlider.cs(374,70): error ENDOFLINE: Fix end of line marker. Replace 1 characters with '\r\n'. [D:\Off Limits Tools\Kumori\third_party\osu\osu.Game.Rulesets.Osu\osu.Game.Rulesets.Osu.csproj]
D:\Off Limits Tools\Kumori\third_party\osu\osu.Game.Rulesets.Osu\Objects\Drawables\DrawableSlider.cs(375,1): error ENDOFLINE: Fix end of line marker. Replace 1 characters with '\r\n'. [D:\Off Limits Tools\Kumori\third_party\osu\osu.Game.Rulesets.Osu\osu.Game.Rulesets.Osu.csproj]
D:\Off Limits Tools\Kumori\third_party\osu\osu.Game.Rulesets.Osu\Objects\Drawables\DrawableSlider.cs(376,22): error ENDOFLINE: Fix end of line marker. Replace 1 characters with '\r\n'. [D:\Off Limits Tools\Kumori\third_party\osu\osu.Game.Rulesets.Osu\osu.Game.Rulesets.Osu.csproj]
D:\Off Limits Tools\Kumori\third_party\osu\osu.Game.Rulesets.Osu\Objects\Drawables\DrawableSlider.cs(377,75): error ENDOFLINE: Fix end of line marker. Replace 1 characters with '\r\n'. [D:\Off Limits Tools\Kumori\third_party\osu\osu.Game.Rulesets.Osu\osu.Game.Rulesets.Osu.csproj]
D:\Off Limits Tools\Kumori\third_party\osu\osu.Game.Rulesets.Osu\Objects\Drawables\DrawableSlider.cs(378,80): error ENDOFLINE: Fix end of line marker. Replace 1 characters with '\r\n'. [D:\Off Limits Tools\Kumori\third_party\osu\osu.Game.Rulesets.Osu\osu.Game.Rulesets.Osu.csproj]
D:\Off Limits Tools\Kumori\third_party\osu\osu.Game.Rulesets.Osu\Objects\Drawables\DrawableSlider.cs(379,23): error ENDOFLINE: Fix end of line marker. Replace 1 characters with '\r\n'. [D:\Off Limits Tools\Kumori\third_party\osu\osu.Game.Rulesets.Osu\osu.Game.Rulesets.Osu.csproj]
D:\Off Limits Tools\Kumori\third_party\osu\osu.Game.Rulesets.Osu\Objects\Drawables\DrawableSlider.cs(380,82): error ENDOFLINE: Fix end of line marker. Replace 1 characters with '\r\n'. [D:\Off Limits Tools\Kumori\third_party\osu\osu.Game.Rulesets.Osu\osu.Game.Rulesets.Osu.csproj]
D:\Off Limits Tools\Kumori\third_party\osu\osu.Game.Rulesets.Osu\Objects\Drawables\DrawableSlider.cs(381,1): error ENDOFLINE: Fix end of line marker. Replace 1 characters with '\r\n'. [D:\Off Limits Tools\Kumori\third_party\osu\osu.Game.Rulesets.Osu\osu.Game.Rulesets.Osu.csproj]
D:\Off Limits Tools\Kumori\third_party\osu\osu.Game.Rulesets.Osu\Objects\Drawables\DrawableSlider.cs(382,46): error ENDOFLINE: Fix end of line marker. Replace 1 characters with '\r\n'. [D:\Off Limits Tools\Kumori\third_party\osu\osu.Game.Rulesets.Osu\osu.Game.Rulesets.Osu.csproj]
D:\Off Limits Tools\Kumori\third_party\osu\osu.Game.Rulesets.Osu\Objects\Drawables\DrawableSliderBall.cs(12,46): error ENDOFLINE: Fix end of line marker. Replace 1 characters with '\r\n'. [D:\Off Limits Tools\Kumori\third_party\osu\osu.Game.Rulesets.Osu\osu.Game.Rulesets.Osu.csproj]
D:\Off Limits Tools\Kumori\third_party\osu\osu.Game.Rulesets.Osu\Objects\Drawables\DrawableSliderBall.cs(13,38): error ENDOFLINE: Fix end of line marker. Replace 1 characters with '\r\n'. [D:\Off Limits Tools\Kumori\third_party\osu\osu.Game.Rulesets.Osu\osu.Game.Rulesets.Osu.csproj]
D:\Off Limits Tools\Kumori\third_party\osu\osu.Game.Rulesets.Osu\Objects\Drawables\DrawableSliderBall.cs(22,47): error ENDOFLINE: Fix end of line marker. Replace 1 characters with '\r\n'. [D:\Off Limits Tools\Kumori\third_party\osu\osu.Game.Rulesets.Osu\osu.Game.Rulesets.Osu.csproj]
D:\Off Limits Tools\Kumori\third_party\osu\osu.Game.Rulesets.Osu\Objects\Drawables\DrawableSliderBall.cs(23,31): error ENDOFLINE: Fix end of line marker. Replace 1 characters with '\r\n'. [D:\Off Limits Tools\Kumori\third_party\osu\osu.Game.Rulesets.Osu\osu.Game.Rulesets.Osu.csproj]
D:\Off Limits Tools\Kumori\third_party\osu\osu.Game.Rulesets.Osu\Objects\Drawables\DrawableSliderBall.cs(24,48): error ENDOFLINE: Fix end of line marker. Replace 1 characters with '\r\n'. [D:\Off Limits Tools\Kumori\third_party\osu\osu.Game.Rulesets.Osu\osu.Game.Rulesets.Osu.csproj]
D:\Off Limits Tools\Kumori\third_party\osu\osu.Game.Rulesets.Osu\Objects\Drawables\DrawableSliderBall.cs(37,151): error ENDOFLINE: Fix end of line marker. Replace 1 characters with '\r\n'. [D:\Off Limits Tools\Kumori\third_party\osu\osu.Game.Rulesets.Osu\osu.Game.Rulesets.Osu.csproj]
D:\Off Limits Tools\Kumori\third_party\osu\osu.Game.Rulesets.Osu\Objects\Drawables\DrawableSliderBall.cs(66,62): error ENDOFLINE: Fix end of line marker. Replace 1 characters with '\r\n'. [D:\Off Limits Tools\Kumori\third_party\osu\osu.Game.Rulesets.Osu\osu.Game.Rulesets.Osu.csproj]
D:\Off Limits Tools\Kumori\third_party\osu\osu.Game.Rulesets.Osu\Objects\Drawables\DrawableSliderBall.cs(80,88): error ENDOFLINE: Fix end of line marker. Replace 1 characters with '\r\n'. [D:\Off Limits Tools\Kumori\third_party\osu\osu.Game.Rulesets.Osu\osu.Game.Rulesets.Osu.csproj]
D:\Off Limits Tools\Kumori\third_party\osu\osu.Game.Rulesets.Osu\Objects\Drawables\DrawableSliderBall.cs(81,10): error ENDOFLINE: Fix end of line marker. Replace 1 characters with '\r\n'. [D:\Off Limits Tools\Kumori\third_party\osu\osu.Game.Rulesets.Osu\osu.Game.Rulesets.Osu.csproj]
D:\Off Limits Tools\Kumori\third_party\osu\osu.Game.Rulesets.Osu\Objects\Drawables\DrawableSliderBall.cs(82,1): error ENDOFLINE: Fix end of line marker. Replace 1 characters with '\r\n'. [D:\Off Limits Tools\Kumori\third_party\osu\osu.Game.Rulesets.Osu\osu.Game.Rulesets.Osu.csproj]
D:\Off Limits Tools\Kumori\third_party\osu\osu.Game.Rulesets.Osu\Objects\Drawables\DrawableSliderBall.cs(83,22): error ENDOFLINE: Fix end of line marker. Replace 1 characters with '\r\n'. [D:\Off Limits Tools\Kumori\third_party\osu\osu.Game.Rulesets.Osu\osu.Game.Rulesets.Osu.csproj]
D:\Off Limits Tools\Kumori\third_party\osu\osu.Game.Rulesets.Osu\Objects\Drawables\DrawableSliderBall.cs(84,80): error ENDOFLINE: Fix end of line marker. Replace 1 characters with '\r\n'. [D:\Off Limits Tools\Kumori\third_party\osu\osu.Game.Rulesets.Osu\osu.Game.Rulesets.Osu.csproj]
D:\Off Limits Tools\Kumori\third_party\osu\osu.Game.Rulesets.Osu\Objects\Drawables\DrawableSliderBall.cs(85,68): error ENDOFLINE: Fix end of line marker. Replace 1 characters with '\r\n'. [D:\Off Limits Tools\Kumori\third_party\osu\osu.Game.Rulesets.Osu\osu.Game.Rulesets.Osu.csproj]
D:\Off Limits Tools\Kumori\third_party\osu\osu.Game.Rulesets.Osu\Objects\Drawables\DrawableSliderBall.cs(86,23): error ENDOFLINE: Fix end of line marker. Replace 1 characters with '\r\n'. [D:\Off Limits Tools\Kumori\third_party\osu\osu.Game.Rulesets.Osu\osu.Game.Rulesets.Osu.csproj]
D:\Off Limits Tools\Kumori\third_party\osu\osu.Game.Rulesets.Osu\Objects\Drawables\DrawableSliderBall.cs(87,81): error ENDOFLINE: Fix end of line marker. Replace 1 characters with '\r\n'. [D:\Off Limits Tools\Kumori\third_party\osu\osu.Game.Rulesets.Osu\osu.Game.Rulesets.Osu.csproj]
D:\Off Limits Tools\Kumori\third_party\osu\osu.Game.Rulesets.Osu\Objects\Drawables\DrawableSliderBall.cs(88,10): error ENDOFLINE: Fix end of line marker. Replace 1 characters with '\r\n'. [D:\Off Limits Tools\Kumori\third_party\osu\osu.Game.Rulesets.Osu\osu.Game.Rulesets.Osu.csproj]
D:\Off Limits Tools\Kumori\third_party\osu\osu.Game.Rulesets.Osu\Objects\Drawables\DrawableSliderBall.cs(89,31): error ENDOFLINE: Fix end of line marker. Replace 1 characters with '\r\n'. [D:\Off Limits Tools\Kumori\third_party\osu\osu.Game.Rulesets.Osu\osu.Game.Rulesets.Osu.csproj]
D:\Off Limits Tools\Kumori\third_party\osu\osu.Game.Rulesets.Osu\Objects\Drawables\DrawableSliderBall.cs(90,58): error ENDOFLINE: Fix end of line marker. Replace 1 characters with '\r\n'. [D:\Off Limits Tools\Kumori\third_party\osu\osu.Game.Rulesets.Osu\osu.Game.Rulesets.Osu.csproj]
D:\Off Limits Tools\Kumori\third_party\osu\osu.Game.Rulesets.Osu\Objects\Drawables\DrawableSliderBall.cs(91,1): error ENDOFLINE: Fix end of line marker. Replace 1 characters with '\r\n'. [D:\Off Limits Tools\Kumori\third_party\osu\osu.Game.Rulesets.Osu\osu.Game.Rulesets.Osu.csproj]
D:\Off Limits Tools\Kumori\third_party\osu\osu.Game.Rulesets.Osu\Objects\Drawables\DrawableSliderBall.cs(92,44): error ENDOFLINE: Fix end of line marker. Replace 1 characters with '\r\n'. [D:\Off Limits Tools\Kumori\third_party\osu\osu.Game.Rulesets.Osu\osu.Game.Rulesets.Osu.csproj]
D:\Off Limits Tools\Kumori\third_party\osu\osu.Game.Rulesets.Osu\Objects\Drawables\DrawableSliderBall.cs(93,59): error ENDOFLINE: Fix end of line marker. Replace 1 characters with '\r\n'. [D:\Off Limits Tools\Kumori\third_party\osu\osu.Game.Rulesets.Osu\osu.Game.Rulesets.Osu.csproj]
D:\Off Limits Tools\Kumori\third_party\osu\osu.Game.Rulesets.Osu\Objects\Drawables\DrawableSliderBall.cs(94,70): error ENDOFLINE: Fix end of line marker. Replace 1 characters with '\r\n'. [D:\Off Limits Tools\Kumori\third_party\osu\osu.Game.Rulesets.Osu\osu.Game.Rulesets.Osu.csproj]
D:\Off Limits Tools\Kumori\third_party\osu\osu.Game.Rulesets.Osu\Objects\Drawables\DrawableSliderBall.cs(95,14): error ENDOFLINE: Fix end of line marker. Replace 1 characters with '\r\n'. [D:\Off Limits Tools\Kumori\third_party\osu\osu.Game.Rulesets.Osu\osu.Game.Rulesets.Osu.csproj]
D:\Off Limits Tools\Kumori\third_party\osu\osu.Game.Rulesets.Osu\Objects\Drawables\DrawableSliderBall.cs(96,38): error ENDOFLINE: Fix end of line marker. Replace 1 characters with '\r\n'. [D:\Off Limits Tools\Kumori\third_party\osu\osu.Game.Rulesets.Osu\osu.Game.Rulesets.Osu.csproj]
D:\Off Limits Tools\Kumori\third_party\osu\osu.Game.Rulesets.Osu\Objects\Drawables\DrawableSliderBall.cs(97,60): error ENDOFLINE: Fix end of line marker. Replace 1 characters with '\r\n'. [D:\Off Limits Tools\Kumori\third_party\osu\osu.Game.Rulesets.Osu\osu.Game.Rulesets.Osu.csproj]
D:\Off Limits Tools\Kumori\third_party\osu\osu.Game.Rulesets.Osu\Objects\Drawables\DrawableSliderBall.cs(98,21): error ENDOFLINE: Fix end of line marker. Replace 1 characters with '\r\n'. [D:\Off Limits Tools\Kumori\third_party\osu\osu.Game.Rulesets.Osu\osu.Game.Rulesets.Osu.csproj]
D:\Off Limits Tools\Kumori\third_party\osu\osu.Game.Rulesets.Osu\Objects\Drawables\DrawableSliderBall.cs(99,18): error ENDOFLINE: Fix end of line marker. Replace 1 characters with '\r\n'. [D:\Off Limits Tools\Kumori\third_party\osu\osu.Game.Rulesets.Osu\osu.Game.Rulesets.Osu.csproj]
D:\Off Limits Tools\Kumori\third_party\osu\osu.Game.Rulesets.Osu\Objects\Drawables\DrawableSliderBall.cs(100,54): error ENDOFLINE: Fix end of line marker. Replace 1 characters with '\r\n'. [D:\Off Limits Tools\Kumori\third_party\osu\osu.Game.Rulesets.Osu\osu.Game.Rulesets.Osu.csproj]
D:\Off Limits Tools\Kumori\third_party\osu\osu.Game.Rulesets.Osu\Objects\Drawables\DrawableSliderBall.cs(101,46): error ENDOFLINE: Fix end of line marker. Replace 1 characters with '\r\n'. [D:\Off Limits Tools\Kumori\third_party\osu\osu.Game.Rulesets.Osu\osu.Game.Rulesets.Osu.csproj]
D:\Off Limits Tools\Kumori\third_party\osu\osu.Game.Rulesets.Osu\Objects\Drawables\DrawableSliderBall.cs(102,18): error ENDOFLINE: Fix end of line marker. Replace 1 characters with '\r\n'. [D:\Off Limits Tools\Kumori\third_party\osu\osu.Game.Rulesets.Osu\osu.Game.Rulesets.Osu.csproj]
D:\Off Limits Tools\Kumori\third_party\osu\osu.Game.Rulesets.Osu\Objects\Drawables\DrawableSliderBall.cs(103,14): error ENDOFLINE: Fix end of line marker. Replace 1 characters with '\r\n'. [D:\Off Limits Tools\Kumori\third_party\osu\osu.Game.Rulesets.Osu\osu.Game.Rulesets.Osu.csproj]
D:\Off Limits Tools\Kumori\third_party\osu\osu.Game.Rulesets.Osu\Objects\Drawables\DrawableSliderBall.cs(104,1): error ENDOFLINE: Fix end of line marker. Replace 1 characters with '\r\n'. [D:\Off Limits Tools\Kumori\third_party\osu\osu.Game.Rulesets.Osu\osu.Game.Rulesets.Osu.csproj]
D:\Off Limits Tools\Kumori\third_party\osu\osu.Game.Rulesets.Osu\Objects\Drawables\DrawableSliderBall.cs(105,36): error ENDOFLINE: Fix end of line marker. Replace 1 characters with '\r\n'. [D:\Off Limits Tools\Kumori\third_party\osu\osu.Game.Rulesets.Osu\osu.Game.Rulesets.Osu.csproj]
D:\Off Limits Tools\Kumori\third_party\osu\osu.Game.Rulesets.Osu\Objects\Drawables\DrawableSliderBall.cs(106,43): error ENDOFLINE: Fix end of line marker. Replace 1 characters with '\r\n'. [D:\Off Limits Tools\Kumori\third_party\osu\osu.Game.Rulesets.Osu\osu.Game.Rulesets.Osu.csproj]
D:\Off Limits Tools\Kumori\third_party\osu\osu.Game.Rulesets.Osu\Objects\Drawables\DrawableSliderBall.cs(107,10): error ENDOFLINE: Fix end of line marker. Replace 1 characters with '\r\n'. [D:\Off Limits Tools\Kumori\third_party\osu\osu.Game.Rulesets.Osu\osu.Game.Rulesets.Osu.csproj]
D:\Off Limits Tools\Kumori\third_party\osu\osu.Game.Rulesets.Osu\Objects\Drawables\DrawableSliderBall.cs(108,1): error ENDOFLINE: Fix end of line marker. Replace 1 characters with '\r\n'. [D:\Off Limits Tools\Kumori\third_party\osu\osu.Game.Rulesets.Osu\osu.Game.Rulesets.Osu.csproj]
D:\Off Limits Tools\Kumori\third_party\osu\osu.Game.Rulesets.Osu\Objects\Drawables\DrawableSliderBall.cs(109,22): error ENDOFLINE: Fix end of line marker. Replace 1 characters with '\r\n'. [D:\Off Limits Tools\Kumori\third_party\osu\osu.Game.Rulesets.Osu\osu.Game.Rulesets.Osu.csproj]
D:\Off Limits Tools\Kumori\third_party\osu\osu.Game.Rulesets.Osu\Objects\Drawables\DrawableSliderBall.cs(110,78): error ENDOFLINE: Fix end of line marker. Replace 1 characters with '\r\n'. [D:\Off Limits Tools\Kumori\third_party\osu\osu.Game.Rulesets.Osu\osu.Game.Rulesets.Osu.csproj]
D:\Off Limits Tools\Kumori\third_party\osu\osu.Game.Rulesets.Osu\Objects\Drawables\DrawableSliderBall.cs(111,78): error ENDOFLINE: Fix end of line marker. Replace 1 characters with '\r\n'. [D:\Off Limits Tools\Kumori\third_party\osu\osu.Game.Rulesets.Osu\osu.Game.Rulesets.Osu.csproj]
D:\Off Limits Tools\Kumori\third_party\osu\osu.Game.Rulesets.Osu\Objects\Drawables\DrawableSliderBall.cs(112,23): error ENDOFLINE: Fix end of line marker. Replace 1 characters with '\r\n'. [D:\Off Limits Tools\Kumori\third_party\osu\osu.Game.Rulesets.Osu\osu.Game.Rulesets.Osu.csproj]
D:\Off Limits Tools\Kumori\third_party\osu\osu.Game.Rulesets.Osu\Objects\Drawables\DrawableSliderBall.cs(113,46): error ENDOFLINE: Fix end of line marker. Replace 1 characters with '\r\n'. [D:\Off Limits Tools\Kumori\third_party\osu\osu.Game.Rulesets.Osu\osu.Game.Rulesets.Osu.csproj]
D:\Off Limits Tools\Kumori\third_party\osu\osu.Game.Rulesets.Osu\Objects\Drawables\DrawableSliderBall.cs(114,32): error ENDOFLINE: Fix end of line marker. Replace 1 characters with '\r\n'. [D:\Off Limits Tools\Kumori\third_party\osu\osu.Game.Rulesets.Osu\osu.Game.Rulesets.Osu.csproj]
D:\Off Limits Tools\Kumori\third_party\osu\osu.Game.Rulesets.Osu\Objects\Drawables\DrawableSliderBall.cs(115,40): error ENDOFLINE: Fix end of line marker. Replace 1 characters with '\r\n'. [D:\Off Limits Tools\Kumori\third_party\osu\osu.Game.Rulesets.Osu\osu.Game.Rulesets.Osu.csproj]
D:\Off Limits Tools\Kumori\third_party\osu\osu.Game.Rulesets.Osu\Objects\Drawables\DrawableSliderBall.cs(116,10): error ENDOFLINE: Fix end of line marker. Replace 1 characters with '\r\n'. [D:\Off Limits Tools\Kumori\third_party\osu\osu.Game.Rulesets.Osu\osu.Game.Rulesets.Osu.csproj]
D:\Off Limits Tools\Kumori\third_party\osu\osu.Game.Rulesets.Osu\Objects\Drawables\DrawableSliderBall.cs(117,38): error ENDOFLINE: Fix end of line marker. Replace 1 characters with '\r\n'. [D:\Off Limits Tools\Kumori\third_party\osu\osu.Game.Rulesets.Osu\osu.Game.Rulesets.Osu.csproj]
D:\Off Limits Tools\Kumori\third_party\osu\osu.Game.Rulesets.Osu\Objects\Drawables\DrawableSliderBall.cs(118,54): error ENDOFLINE: Fix end of line marker. Replace 1 characters with '\r\n'. [D:\Off Limits Tools\Kumori\third_party\osu\osu.Game.Rulesets.Osu\osu.Game.Rulesets.Osu.csproj]
D:\Off Limits Tools\Kumori\third_party\osu\osu.Game.Rulesets.Osu\Objects\Drawables\DrawableSliderBall.cs(119,10): error ENDOFLINE: Fix end of line marker. Replace 1 characters with '\r\n'. [D:\Off Limits Tools\Kumori\third_party\osu\osu.Game.Rulesets.Osu\osu.Game.Rulesets.Osu.csproj]
D:\Off Limits Tools\Kumori\third_party\osu\osu.Game.Rulesets.Osu\Objects\Drawables\DrawableSliderBall.cs(120,6): error ENDOFLINE: Fix end of line marker. Replace 1 characters with '\r\n'. [D:\Off Limits Tools\Kumori\third_party\osu\osu.Game.Rulesets.Osu\osu.Game.Rulesets.Osu.csproj]
D:\Off Limits Tools\Kumori\third_party\osu\osu.Game.Rulesets.Osu\Objects\Drawables\DrawableSliderBall.cs(121,2): error ENDOFLINE: Fix end of line marker. Replace 1 characters with '\r\n'. [D:\Off Limits Tools\Kumori\third_party\osu\osu.Game.Rulesets.Osu\osu.Game.Rulesets.Osu.csproj]
D:\Off Limits Tools\Kumori\third_party\osu\osu.Game.Rulesets.Osu\Skinning\FollowCircle.cs(137,49): error ENDOFLINE: Fix end of line marker. Replace 1 characters with '\r\n'. [D:\Off Limits Tools\Kumori\third_party\osu\osu.Game.Rulesets.Osu\osu.Game.Rulesets.Osu.csproj]
D:\Off Limits Tools\Kumori\third_party\osu\osu.Game.Rulesets.Osu\Skinning\FollowCircle.cs(138,1): error ENDOFLINE: Fix end of line marker. Replace 1 characters with '\r\n'. [D:\Off Limits Tools\Kumori\third_party\osu\osu.Game.Rulesets.Osu\osu.Game.Rulesets.Osu.csproj]
D:\Off Limits Tools\Kumori\third_party\osu\osu.Game.Rulesets.Osu\Skinning\FollowCircle.cs(139,22): error ENDOFLINE: Fix end of line marker. Replace 1 characters with '\r\n'. [D:\Off Limits Tools\Kumori\third_party\osu\osu.Game.Rulesets.Osu\osu.Game.Rulesets.Osu.csproj]
D:\Off Limits Tools\Kumori\third_party\osu\osu.Game.Rulesets.Osu\Skinning\FollowCircle.cs(140,77): error ENDOFLINE: Fix end of line marker. Replace 1 characters with '\r\n'. [D:\Off Limits Tools\Kumori\third_party\osu\osu.Game.Rulesets.Osu\osu.Game.Rulesets.Osu.csproj]
D:\Off Limits Tools\Kumori\third_party\osu\osu.Game.Rulesets.Osu\Skinning\FollowCircle.cs(141,59): error ENDOFLINE: Fix end of line marker. Replace 1 characters with '\r\n'. [D:\Off Limits Tools\Kumori\third_party\osu\osu.Game.Rulesets.Osu\osu.Game.Rulesets.Osu.csproj]
D:\Off Limits Tools\Kumori\third_party\osu\osu.Game.Rulesets.Osu\Skinning\FollowCircle.cs(142,23): error ENDOFLINE: Fix end of line marker. Replace 1 characters with '\r\n'. [D:\Off Limits Tools\Kumori\third_party\osu\osu.Game.Rulesets.Osu\osu.Game.Rulesets.Osu.csproj]
D:\Off Limits Tools\Kumori\third_party\osu\osu.Game.Rulesets.Osu\Skinning\FollowCircle.cs(143,44): error ENDOFLINE: Fix end of line marker. Replace 1 characters with '\r\n'. [D:\Off Limits Tools\Kumori\third_party\osu\osu.Game.Rulesets.Osu\osu.Game.Rulesets.Osu.csproj]
D:\Off Limits Tools\Kumori\third_party\osu\osu.Game.Rulesets.Osu\Skinning\FollowCircle.cs(144,10): error ENDOFLINE: Fix end of line marker. Replace 1 characters with '\r\n'. [D:\Off Limits Tools\Kumori\third_party\osu\osu.Game.Rulesets.Osu\osu.Game.Rulesets.Osu.csproj]
D:\Off Limits Tools\Kumori\third_party\osu\osu.Game.Rulesets.Osu\Skinning\FollowCircle.cs(145,31): error ENDOFLINE: Fix end of line marker. Replace 1 characters with '\r\n'. [D:\Off Limits Tools\Kumori\third_party\osu\osu.Game.Rulesets.Osu\osu.Game.Rulesets.Osu.csproj]
D:\Off Limits Tools\Kumori\third_party\osu\osu.Game.Rulesets.Osu\Skinning\FollowCircle.cs(146,29): error ENDOFLINE: Fix end of line marker. Replace 1 characters with '\r\n'. [D:\Off Limits Tools\Kumori\third_party\osu\osu.Game.Rulesets.Osu\osu.Game.Rulesets.Osu.csproj]
D:\Off Limits Tools\Kumori\third_party\osu\osu.Game.Rulesets.Osu\Skinning\FollowCircle.cs(147,36): error ENDOFLINE: Fix end of line marker. Replace 1 characters with '\r\n'. [D:\Off Limits Tools\Kumori\third_party\osu\osu.Game.Rulesets.Osu\osu.Game.Rulesets.Osu.csproj]
D:\Off Limits Tools\Kumori\third_party\osu\osu.Game.Rulesets.Osu\Skinning\FollowCircle.cs(148,23): error ENDOFLINE: Fix end of line marker. Replace 1 characters with '\r\n'. [D:\Off Limits Tools\Kumori\third_party\osu\osu.Game.Rulesets.Osu\osu.Game.Rulesets.Osu.csproj]
D:\Off Limits Tools\Kumori\third_party\osu\osu.Game.Rulesets.Osu\Skinning\FollowCircle.cs(149,10): error ENDOFLINE: Fix end of line marker. Replace 1 characters with '\r\n'. [D:\Off Limits Tools\Kumori\third_party\osu\osu.Game.Rulesets.Osu\osu.Game.Rulesets.Osu.csproj]
D:\Off Limits Tools\Kumori\third_party\osu\osu.Game.Rulesets.Osu\Skinning\FollowCircle.cs(150,6): error ENDOFLINE: Fix end of line marker. Replace 1 characters with '\r\n'. [D:\Off Limits Tools\Kumori\third_party\osu\osu.Game.Rulesets.Osu\osu.Game.Rulesets.Osu.csproj]
D:\Off Limits Tools\Kumori\third_party\osu\osu.Game.Rulesets.Osu\Skinning\FollowCircle.cs(151,2): error ENDOFLINE: Fix end of line marker. Replace 1 characters with '\r\n'. [D:\Off Limits Tools\Kumori\third_party\osu\osu.Game.Rulesets.Osu\osu.Game.Rulesets.Osu.csproj]
D:\Off Limits Tools\Kumori\third_party\osu\osu.Game.Rulesets.Osu\Skinning\Legacy\LegacyCursorTrail.cs(24,53): error ENDOFLINE: Fix end of line marker. Replace 1 characters with '\r\n'. [D:\Off Limits Tools\Kumori\third_party\osu\osu.Game.Rulesets.Osu\osu.Game.Rulesets.Osu.csproj]
D:\Off Limits Tools\Kumori\third_party\osu\osu.Game.Rulesets.Osu\Skinning\Legacy\LegacyCursorTrail.cs(25,1): error ENDOFLINE: Fix end of line marker. Replace 1 characters with '\r\n'. [D:\Off Limits Tools\Kumori\third_party\osu\osu.Game.Rulesets.Osu\osu.Game.Rulesets.Osu.csproj]
D:\Off Limits Tools\Kumori\third_party\osu\osu.Game.Rulesets.Osu\Skinning\Legacy\LegacyCursorTrail.cs(26,42): error ENDOFLINE: Fix end of line marker. Replace 1 characters with '\r\n'. [D:\Off Limits Tools\Kumori\third_party\osu\osu.Game.Rulesets.Osu\osu.Game.Rulesets.Osu.csproj]
D:\Off Limits Tools\Kumori\third_party\osu\osu.Game.Rulesets.Osu\Skinning\Legacy\LegacyCursorTrail.cs(27,42): error ENDOFLINE: Fix end of line marker. Replace 1 characters with '\r\n'. [D:\Off Limits Tools\Kumori\third_party\osu\osu.Game.Rulesets.Osu\osu.Game.Rulesets.Osu.csproj]
D:\Off Limits Tools\Kumori\third_party\osu\osu.Game.Rulesets.Osu\Skinning\Legacy\LegacyCursorTrail.cs(45,95): error ENDOFLINE: Fix end of line marker. Replace 1 characters with '\r\n'. [D:\Off Limits Tools\Kumori\third_party\osu\osu.Game.Rulesets.Osu\osu.Game.Rulesets.Osu.csproj]
D:\Off Limits Tools\Kumori\third_party\osu\osu.Game.Rulesets.Osu\Skinning\Legacy\LegacyCursorTrail.cs(46,121): error ENDOFLINE: Fix end of line marker. Replace 1 characters with '\r\n'. [D:\Off Limits Tools\Kumori\third_party\osu\osu.Game.Rulesets.Osu\osu.Game.Rulesets.Osu.csproj]
D:\Off Limits Tools\Kumori\third_party\osu\osu.Game.Rulesets.Osu\Skinning\Legacy\LegacyCursorTrail.cs(47,82): error ENDOFLINE: Fix end of line marker. Replace 1 characters with '\r\n'. [D:\Off Limits Tools\Kumori\third_party\osu\osu.Game.Rulesets.Osu\osu.Game.Rulesets.Osu.csproj]
D:\Off Limits Tools\Kumori\third_party\osu\osu.Game.Rulesets.Osu\Skinning\Legacy\LegacyCursorTrail.cs(78,79): error ENDOFLINE: Fix end of line marker. Replace 1 characters with '\r\n'. [D:\Off Limits Tools\Kumori\third_party\osu\osu.Game.Rulesets.Osu\osu.Game.Rulesets.Osu.csproj]
D:\Off Limits Tools\Kumori\third_party\osu\osu.Game.Rulesets.Osu\Skinning\Legacy\LegacyCursorTrail.cs(79,10): error ENDOFLINE: Fix end of line marker. Replace 1 characters with '\r\n'. [D:\Off Limits Tools\Kumori\third_party\osu\osu.Game.Rulesets.Osu\osu.Game.Rulesets.Osu.csproj]
D:\Off Limits Tools\Kumori\third_party\osu\osu.Game.Rulesets.Osu\Skinning\Legacy\LegacyCursorTrail.cs(80,32): error ENDOFLINE: Fix end of line marker. Replace 1 characters with '\r\n'. [D:\Off Limits Tools\Kumori\third_party\osu\osu.Game.Rulesets.Osu\osu.Game.Rulesets.Osu.csproj]
D:\Off Limits Tools\Kumori\third_party\osu\osu.Game.Rulesets.Osu\Skinning\Legacy\LegacyCursorTrail.cs(81,14): error ENDOFLINE: Fix end of line marker. Replace 1 characters with '\r\n'. [D:\Off Limits Tools\Kumori\third_party\osu\osu.Game.Rulesets.Osu\osu.Game.Rulesets.Osu.csproj]
D:\Off Limits Tools\Kumori\third_party\osu\osu.Game.Rulesets.Osu\Skinning\Legacy\LegacyCursorTrail.cs(82,64): error ENDOFLINE: Fix end of line marker. Replace 1 characters with '\r\n'. [D:\Off Limits Tools\Kumori\third_party\osu\osu.Game.Rulesets.Osu\osu.Game.Rulesets.Osu.csproj]
D:\Off Limits Tools\Kumori\third_party\osu\osu.Game.Rulesets.Osu\Skinning\Legacy\LegacyCursorTrail.cs(83,24): error ENDOFLINE: Fix end of line marker. Replace 1 characters with '\r\n'. [D:\Off Limits Tools\Kumori\third_party\osu\osu.Game.Rulesets.Osu\osu.Game.Rulesets.Osu.csproj]
D:\Off Limits Tools\Kumori\third_party\osu\osu.Game.Rulesets.Osu\Skinning\Legacy\LegacyCursorTrail.cs(84,14): error ENDOFLINE: Fix end of line marker. Replace 1 characters with '\r\n'. [D:\Off Limits Tools\Kumori\third_party\osu\osu.Game.Rulesets.Osu\osu.Game.Rulesets.Osu.csproj]
D:\Off Limits Tools\Kumori\third_party\osu\osu.Game.Rulesets.Osu\Skinning\Legacy\LegacyCursorTrail.cs(85,1): error ENDOFLINE: Fix end of line marker. Replace 1 characters with '\r\n'. [D:\Off Limits Tools\Kumori\third_party\osu\osu.Game.Rulesets.Osu\osu.Game.Rulesets.Osu.csproj]
D:\Off Limits Tools\Kumori\third_party\osu\osu.Game.Rulesets.Osu\Skinning\Legacy\LegacyCursorTrail.cs(86,51): error ENDOFLINE: Fix end of line marker. Replace 1 characters with '\r\n'. [D:\Off Limits Tools\Kumori\third_party\osu\osu.Game.Rulesets.Osu\osu.Game.Rulesets.Osu.csproj]
D:\Off Limits Tools\Kumori\third_party\osu\osu.Game.Rulesets.Osu\Skinning\Legacy\LegacyCursorTrail.cs(87,10): error ENDOFLINE: Fix end of line marker. Replace 1 characters with '\r\n'. [D:\Off Limits Tools\Kumori\third_party\osu\osu.Game.Rulesets.Osu\osu.Game.Rulesets.Osu.csproj]
D:\Off Limits Tools\Kumori\third_party\osu\osu.Game.Rulesets.Osu\Skinning\Legacy\LegacyCursorTrail.cs(88,1): error ENDOFLINE: Fix end of line marker. Replace 1 characters with '\r\n'. [D:\Off Limits Tools\Kumori\third_party\osu\osu.Game.Rulesets.Osu\osu.Game.Rulesets.Osu.csproj]
D:\Off Limits Tools\Kumori\third_party\osu\osu.Game.Rulesets.Osu\Skinning\Legacy\LegacyCursorTrail.cs(89,22): error ENDOFLINE: Fix end of line marker. Replace 1 characters with '\r\n'. [D:\Off Limits Tools\Kumori\third_party\osu\osu.Game.Rulesets.Osu\osu.Game.Rulesets.Osu.csproj]
D:\Off Limits Tools\Kumori\third_party\osu\osu.Game.Rulesets.Osu\Skinning\Legacy\LegacyCursorTrail.cs(90,79): error ENDOFLINE: Fix end of line marker. Replace 1 characters with '\r\n'. [D:\Off Limits Tools\Kumori\third_party\osu\osu.Game.Rulesets.Osu\osu.Game.Rulesets.Osu.csproj]
D:\Off Limits Tools\Kumori\third_party\osu\osu.Game.Rulesets.Osu\Skinning\Legacy\LegacyCursorTrail.cs(91,75): error ENDOFLINE: Fix end of line marker. Replace 1 characters with '\r\n'. [D:\Off Limits Tools\Kumori\third_party\osu\osu.Game.Rulesets.Osu\osu.Game.Rulesets.Osu.csproj]
D:\Off Limits Tools\Kumori\third_party\osu\osu.Game.Rulesets.Osu\Skinning\Legacy\LegacyCursorTrail.cs(92,23): error ENDOFLINE: Fix end of line marker. Replace 1 characters with '\r\n'. [D:\Off Limits Tools\Kumori\third_party\osu\osu.Game.Rulesets.Osu\osu.Game.Rulesets.Osu.csproj]
D:\Off Limits Tools\Kumori\third_party\osu\osu.Game.Rulesets.Osu\Skinning\Legacy\LegacyCursorTrail.cs(93,67): error ENDOFLINE: Fix end of line marker. Replace 1 characters with '\r\n'. [D:\Off Limits Tools\Kumori\third_party\osu\osu.Game.Rulesets.Osu\osu.Game.Rulesets.Osu.csproj]
D:\Off Limits Tools\Kumori\third_party\osu\osu.Game.Rulesets.Osu\Skinning\Legacy\LegacyCursorTrail.cs(94,10): error ENDOFLINE: Fix end of line marker. Replace 1 characters with '\r\n'. [D:\Off Limits Tools\Kumori\third_party\osu\osu.Game.Rulesets.Osu\osu.Game.Rulesets.Osu.csproj]
D:\Off Limits Tools\Kumori\third_party\osu\osu.Game.Rulesets.Osu\Skinning\Legacy\LegacyCursorTrail.cs(95,48): error ENDOFLINE: Fix end of line marker. Replace 1 characters with '\r\n'. [D:\Off Limits Tools\Kumori\third_party\osu\osu.Game.Rulesets.Osu\osu.Game.Rulesets.Osu.csproj]
D:\Off Limits Tools\Kumori\third_party\osu\osu.Game.Rulesets.Osu\Skinning\Legacy\LegacyCursorTrail.cs(96,24): error ENDOFLINE: Fix end of line marker. Replace 1 characters with '\r\n'. [D:\Off Limits Tools\Kumori\third_party\osu\osu.Game.Rulesets.Osu\osu.Game.Rulesets.Osu.csproj]
D:\Off Limits Tools\Kumori\third_party\osu\osu.Game.Rulesets.Osu\Skinning\Legacy\LegacyCursorTrail.cs(97,45): error ENDOFLINE: Fix end of line marker. Replace 1 characters with '\r\n'. [D:\Off Limits Tools\Kumori\third_party\osu\osu.Game.Rulesets.Osu\osu.Game.Rulesets.Osu.csproj]
D:\Off Limits Tools\Kumori\third_party\osu\osu.Game.Rulesets.Osu\Skinning\Legacy\LegacyCursorTrail.cs(98,36): error ENDOFLINE: Fix end of line marker. Replace 1 characters with '\r\n'. [D:\Off Limits Tools\Kumori\third_party\osu\osu.Game.Rulesets.Osu\osu.Game.Rulesets.Osu.csproj]
D:\Off Limits Tools\Kumori\third_party\osu\osu.Game.Rulesets.Osu\Skinning\Legacy\LegacyCursorTrail.cs(99,42): error ENDOFLINE: Fix end of line marker. Replace 1 characters with '\r\n'. [D:\Off Limits Tools\Kumori\third_party\osu\osu.Game.Rulesets.Osu\osu.Game.Rulesets.Osu.csproj]
D:\Off Limits Tools\Kumori\third_party\osu\osu.Game.Rulesets.Osu\Skinning\Legacy\LegacyCursorTrail.cs(100,26): error ENDOFLINE: Fix end of line marker. Replace 1 characters with '\r\n'. [D:\Off Limits Tools\Kumori\third_party\osu\osu.Game.Rulesets.Osu\osu.Game.Rulesets.Osu.csproj]
D:\Off Limits Tools\Kumori\third_party\osu\osu.Game.Rulesets.Osu\Skinning\Legacy\LegacyCursorTrail.cs(101,10): error ENDOFLINE: Fix end of line marker. Replace 1 characters with '\r\n'. [D:\Off Limits Tools\Kumori\third_party\osu\osu.Game.Rulesets.Osu\osu.Game.Rulesets.Osu.csproj]
D:\Off Limits Tools\Kumori\third_party\osu\osu.Game.Rulesets.Osu\Skinning\Legacy\LegacyCursorTrail.cs(102,1): error ENDOFLINE: Fix end of line marker. Replace 1 characters with '\r\n'. [D:\Off Limits Tools\Kumori\third_party\osu\osu.Game.Rulesets.Osu\osu.Game.Rulesets.Osu.csproj]
D:\Off Limits Tools\Kumori\third_party\osu\osu.Game.Rulesets.Osu\Skinning\Legacy\LegacyCursorTrail.cs(103,58): error ENDOFLINE: Fix end of line marker. Replace 1 characters with '\r\n'. [D:\Off Limits Tools\Kumori\third_party\osu\osu.Game.Rulesets.Osu\osu.Game.Rulesets.Osu.csproj]
D:\Off Limits Tools\Kumori\third_party\osu\osu.Game.Rulesets.Osu\Skinning\Legacy\LegacyCursorTrail.cs(104,10): error ENDOFLINE: Fix end of line marker. Replace 1 characters with '\r\n'. [D:\Off Limits Tools\Kumori\third_party\osu\osu.Game.Rulesets.Osu\osu.Game.Rulesets.Osu.csproj]
D:\Off Limits Tools\Kumori\third_party\osu\osu.Game.Rulesets.Osu\Skinning\Legacy\LegacyCursorTrail.cs(105,43): error ENDOFLINE: Fix end of line marker. Replace 1 characters with '\r\n'. [D:\Off Limits Tools\Kumori\third_party\osu\osu.Game.Rulesets.Osu\osu.Game.Rulesets.Osu.csproj]
D:\Off Limits Tools\Kumori\third_party\osu\osu.Game.Rulesets.Osu\Skinning\Legacy\LegacyCursorTrail.cs(106,31): error ENDOFLINE: Fix end of line marker. Replace 1 characters with '\r\n'. [D:\Off Limits Tools\Kumori\third_party\osu\osu.Game.Rulesets.Osu\osu.Game.Rulesets.Osu.csproj]
D:\Off Limits Tools\Kumori\third_party\osu\osu.Game.Rulesets.Osu\Skinning\Legacy\LegacyCursorTrail.cs(107,14): error ENDOFLINE: Fix end of line marker. Replace 1 characters with '\r\n'. [D:\Off Limits Tools\Kumori\third_party\osu\osu.Game.Rulesets.Osu\osu.Game.Rulesets.Osu.csproj]
D:\Off Limits Tools\Kumori\third_party\osu\osu.Game.Rulesets.Osu\Skinning\Legacy\LegacyCursorTrail.cs(108,77): error ENDOFLINE: Fix end of line marker. Replace 1 characters with '\r\n'. [D:\Off Limits Tools\Kumori\third_party\osu\osu.Game.Rulesets.Osu\osu.Game.Rulesets.Osu.csproj]
D:\Off Limits Tools\Kumori\third_party\osu\osu.Game.Rulesets.Osu\Skinning\Legacy\LegacyCursorTrail.cs(109,55): error ENDOFLINE: Fix end of line marker. Replace 1 characters with '\r\n'. [D:\Off Limits Tools\Kumori\third_party\osu\osu.Game.Rulesets.Osu\osu.Game.Rulesets.Osu.csproj]
D:\Off Limits Tools\Kumori\third_party\osu\osu.Game.Rulesets.Osu\Skinning\Legacy\LegacyCursorTrail.cs(110,14): error ENDOFLINE: Fix end of line marker. Replace 1 characters with '\r\n'. [D:\Off Limits Tools\Kumori\third_party\osu\osu.Game.Rulesets.Osu\osu.Game.Rulesets.Osu.csproj]
D:\Off Limits Tools\Kumori\third_party\osu\osu.Game.Rulesets.Osu\Skinning\Legacy\LegacyCursorTrail.cs(111,17): error ENDOFLINE: Fix end of line marker. Replace 1 characters with '\r\n'. [D:\Off Limits Tools\Kumori\third_party\osu\osu.Game.Rulesets.Osu\osu.Game.Rulesets.Osu.csproj]
D:\Off Limits Tools\Kumori\third_party\osu\osu.Game.Rulesets.Osu\Skinning\Legacy\LegacyCursorTrail.cs(112,14): error ENDOFLINE: Fix end of line marker. Replace 1 characters with '\r\n'. [D:\Off Limits Tools\Kumori\third_party\osu\osu.Game.Rulesets.Osu\osu.Game.Rulesets.Osu.csproj]
D:\Off Limits Tools\Kumori\third_party\osu\osu.Game.Rulesets.Osu\Skinning\Legacy\LegacyCursorTrail.cs(113,45): error ENDOFLINE: Fix end of line marker. Replace 1 characters with '\r\n'. [D:\Off Limits Tools\Kumori\third_party\osu\osu.Game.Rulesets.Osu\osu.Game.Rulesets.Osu.csproj]
D:\Off Limits Tools\Kumori\third_party\osu\osu.Game.Rulesets.Osu\Skinning\Legacy\LegacyCursorTrail.cs(114,56): error ENDOFLINE: Fix end of line marker. Replace 1 characters with '\r\n'. [D:\Off Limits Tools\Kumori\third_party\osu\osu.Game.Rulesets.Osu\osu.Game.Rulesets.Osu.csproj]
D:\Off Limits Tools\Kumori\third_party\osu\osu.Game.Rulesets.Osu\Skinning\Legacy\LegacyCursorTrail.cs(115,14): error ENDOFLINE: Fix end of line marker. Replace 1 characters with '\r\n'. [D:\Off Limits Tools\Kumori\third_party\osu\osu.Game.Rulesets.Osu\osu.Game.Rulesets.Osu.csproj]
D:\Off Limits Tools\Kumori\third_party\osu\osu.Game.Rulesets.Osu\Skinning\Legacy\LegacyCursorTrail.cs(116,10): error ENDOFLINE: Fix end of line marker. Replace 1 characters with '\r\n'. [D:\Off Limits Tools\Kumori\third_party\osu\osu.Game.Rulesets.Osu\osu.Game.Rulesets.Osu.csproj]
D:\Off Limits Tools\Kumori\third_party\osu\osu.Game.Rulesets.Osu\Skinning\Legacy\LegacyCursorTrail.cs(117,6): error ENDOFLINE: Fix end of line marker. Replace 1 characters with '\r\n'. [D:\Off Limits Tools\Kumori\third_party\osu\osu.Game.Rulesets.Osu\osu.Game.Rulesets.Osu.csproj]
D:\Off Limits Tools\Kumori\third_party\osu\osu.Game.Rulesets.Osu\Skinning\Legacy\LegacyCursorTrail.cs(118,2): error ENDOFLINE: Fix end of line marker. Replace 1 characters with '\r\n'. [D:\Off Limits Tools\Kumori\third_party\osu\osu.Game.Rulesets.Osu\osu.Game.Rulesets.Osu.csproj]
D:\Off Limits Tools\Kumori\third_party\osu\osu.Game.Rulesets.Osu\Skinning\Legacy\LegacyMainCirclePiece.cs(164,98): error ENDOFLINE: Fix end of line marker. Replace 1 characters with '\r\n'. [D:\Off Limits Tools\Kumori\third_party\osu\osu.Game.Rulesets.Osu\osu.Game.Rulesets.Osu.csproj]
D:\Off Limits Tools\Kumori\third_party\osu\osu.Game.Rulesets.Osu\Skinning\Legacy\LegacyMainCirclePiece.cs(203,14): error ENDOFLINE: Fix end of line marker. Replace 1 characters with '\r\n'. [D:\Off Limits Tools\Kumori\third_party\osu\osu.Game.Rulesets.Osu\osu.Game.Rulesets.Osu.csproj]
D:\Off Limits Tools\Kumori\third_party\osu\osu.Game.Rulesets.Osu\Skinning\Legacy\LegacyMainCirclePiece.cs(204,10): error ENDOFLINE: Fix end of line marker. Replace 1 characters with '\r\n'. [D:\Off Limits Tools\Kumori\third_party\osu\osu.Game.Rulesets.Osu\osu.Game.Rulesets.Osu.csproj]
D:\Off Limits Tools\Kumori\third_party\osu\osu.Game.Rulesets.Osu\Skinning\Legacy\LegacyMainCirclePiece.cs(205,1): error ENDOFLINE: Fix end of line marker. Replace 1 characters with '\r\n'. [D:\Off Limits Tools\Kumori\third_party\osu\osu.Game.Rulesets.Osu\osu.Game.Rulesets.Osu.csproj]
D:\Off Limits Tools\Kumori\third_party\osu\osu.Game.Rulesets.Osu\Skinning\Legacy\LegacyMainCirclePiece.cs(206,22): error ENDOFLINE: Fix end of line marker. Replace 1 characters with '\r\n'. [D:\Off Limits Tools\Kumori\third_party\osu\osu.Game.Rulesets.Osu\osu.Game.Rulesets.Osu.csproj]
D:\Off Limits Tools\Kumori\third_party\osu\osu.Game.Rulesets.Osu\Skinning\Legacy\LegacyMainCirclePiece.cs(207,75): error ENDOFLINE: Fix end of line marker. Replace 1 characters with '\r\n'. [D:\Off Limits Tools\Kumori\third_party\osu\osu.Game.Rulesets.Osu\osu.Game.Rulesets.Osu.csproj]
D:\Off Limits Tools\Kumori\third_party\osu\osu.Game.Rulesets.Osu\Skinning\Legacy\LegacyMainCirclePiece.cs(208,74): error ENDOFLINE: Fix end of line marker. Replace 1 characters with '\r\n'. [D:\Off Limits Tools\Kumori\third_party\osu\osu.Game.Rulesets.Osu\osu.Game.Rulesets.Osu.csproj]
D:\Off Limits Tools\Kumori\third_party\osu\osu.Game.Rulesets.Osu\Skinning\Legacy\LegacyMainCirclePiece.cs(209,23): error ENDOFLINE: Fix end of line marker. Replace 1 characters with '\r\n'. [D:\Off Limits Tools\Kumori\third_party\osu\osu.Game.Rulesets.Osu\osu.Game.Rulesets.Osu.csproj]
D:\Off Limits Tools\Kumori\third_party\osu\osu.Game.Rulesets.Osu\Skinning\Legacy\LegacyMainCirclePiece.cs(210,46): error ENDOFLINE: Fix end of line marker. Replace 1 characters with '\r\n'. [D:\Off Limits Tools\Kumori\third_party\osu\osu.Game.Rulesets.Osu\osu.Game.Rulesets.Osu.csproj]
D:\Off Limits Tools\Kumori\third_party\osu\osu.Game.Rulesets.Osu\Skinning\Legacy\LegacyMainCirclePiece.cs(211,32): error ENDOFLINE: Fix end of line marker. Replace 1 characters with '\r\n'. [D:\Off Limits Tools\Kumori\third_party\osu\osu.Game.Rulesets.Osu\osu.Game.Rulesets.Osu.csproj]
D:\Off Limits Tools\Kumori\third_party\osu\osu.Game.Rulesets.Osu\Skinning\Legacy\LegacyMainCirclePiece.cs(212,35): error ENDOFLINE: Fix end of line marker. Replace 1 characters with '\r\n'. [D:\Off Limits Tools\Kumori\third_party\osu\osu.Game.Rulesets.Osu\osu.Game.Rulesets.Osu.csproj]
D:\Off Limits Tools\Kumori\third_party\osu\osu.Game.Rulesets.Osu\Skinning\Legacy\LegacyMainCirclePiece.cs(213,34): error ENDOFLINE: Fix end of line marker. Replace 1 characters with '\r\n'. [D:\Off Limits Tools\Kumori\third_party\osu\osu.Game.Rulesets.Osu\osu.Game.Rulesets.Osu.csproj]
D:\Off Limits Tools\Kumori\third_party\osu\osu.Game.Rulesets.Osu\Skinning\Legacy\LegacyMainCirclePiece.cs(214,10): error ENDOFLINE: Fix end of line marker. Replace 1 characters with '\r\n'. [D:\Off Limits Tools\Kumori\third_party\osu\osu.Game.Rulesets.Osu\osu.Game.Rulesets.Osu.csproj]
D:\Off Limits Tools\Kumori\third_party\osu\osu.Game.Rulesets.Osu\Skinning\Legacy\LegacyMainCirclePiece.cs(215,46): error ENDOFLINE: Fix end of line marker. Replace 1 characters with '\r\n'. [D:\Off Limits Tools\Kumori\third_party\osu\osu.Game.Rulesets.Osu\osu.Game.Rulesets.Osu.csproj]
D:\Off Limits Tools\Kumori\third_party\osu\osu.Game.Rulesets.Osu\Skinning\Legacy\LegacyMainCirclePiece.cs(216,50): error ENDOFLINE: Fix end of line marker. Replace 1 characters with '\r\n'. [D:\Off Limits Tools\Kumori\third_party\osu\osu.Game.Rulesets.Osu\osu.Game.Rulesets.Osu.csproj]
D:\Off Limits Tools\Kumori\third_party\osu\osu.Game.Rulesets.Osu\Skinning\Legacy\LegacyMainCirclePiece.cs(217,27): error ENDOFLINE: Fix end of line marker. Replace 1 characters with '\r\n'. [D:\Off Limits Tools\Kumori\third_party\osu\osu.Game.Rulesets.Osu\osu.Game.Rulesets.Osu.csproj]
D:\Off Limits Tools\Kumori\third_party\osu\osu.Game.Rulesets.Osu\Skinning\Legacy\LegacyMainCirclePiece.cs(218,53): error ENDOFLINE: Fix end of line marker. Replace 1 characters with '\r\n'. [D:\Off Limits Tools\Kumori\third_party\osu\osu.Game.Rulesets.Osu\osu.Game.Rulesets.Osu.csproj]
D:\Off Limits Tools\Kumori\third_party\osu\osu.Game.Rulesets.Osu\Skinning\Legacy\LegacyMainCirclePiece.cs(219,10): error ENDOFLINE: Fix end of line marker. Replace 1 characters with '\r\n'. [D:\Off Limits Tools\Kumori\third_party\osu\osu.Game.Rulesets.Osu\osu.Game.Rulesets.Osu.csproj]
D:\Off Limits Tools\Kumori\third_party\osu\osu.Game.Rulesets.Osu\Skinning\Legacy\LegacyMainCirclePiece.cs(220,1): error ENDOFLINE: Fix end of line marker. Replace 1 characters with '\r\n'. [D:\Off Limits Tools\Kumori\third_party\osu\osu.Game.Rulesets.Osu\osu.Game.Rulesets.Osu.csproj]
D:\Off Limits Tools\Kumori\third_party\osu\osu.Game.Rulesets.Osu\Skinning\Legacy\LegacyMainCirclePiece.cs(221,58): error ENDOFLINE: Fix end of line marker. Replace 1 characters with '\r\n'. [D:\Off Limits Tools\Kumori\third_party\osu\osu.Game.Rulesets.Osu\osu.Game.Rulesets.Osu.csproj]
D:\Off Limits Tools\Kumori\third_party\osu\osu.Game.Rulesets.Osu\UI\Cursor\CursorTrail.cs(169,65): error ENDOFLINE: Fix end of line marker. Replace 1 characters with '\r\n'. [D:\Off Limits Tools\Kumori\third_party\osu\osu.Game.Rulesets.Osu\osu.Game.Rulesets.Osu.csproj]
D:\Off Limits Tools\Kumori\third_party\osu\osu.Game.Rulesets.Osu\UI\Cursor\CursorTrail.cs(170,1): error ENDOFLINE: Fix end of line marker. Replace 1 characters with '\r\n'. [D:\Off Limits Tools\Kumori\third_party\osu\osu.Game.Rulesets.Osu\osu.Game.Rulesets.Osu.csproj]
D:\Off Limits Tools\Kumori\third_party\osu\osu.Game.Rulesets.Osu\UI\Cursor\CursorTrail.cs(171,22): error ENDOFLINE: Fix end of line marker. Replace 1 characters with '\r\n'. [D:\Off Limits Tools\Kumori\third_party\osu\osu.Game.Rulesets.Osu\osu.Game.Rulesets.Osu.csproj]
D:\Off Limits Tools\Kumori\third_party\osu\osu.Game.Rulesets.Osu\UI\Cursor\CursorTrail.cs(172,79): error ENDOFLINE: Fix end of line marker. Replace 1 characters with '\r\n'. [D:\Off Limits Tools\Kumori\third_party\osu\osu.Game.Rulesets.Osu\osu.Game.Rulesets.Osu.csproj]
D:\Off Limits Tools\Kumori\third_party\osu\osu.Game.Rulesets.Osu\UI\Cursor\CursorTrail.cs(173,80): error ENDOFLINE: Fix end of line marker. Replace 1 characters with '\r\n'. [D:\Off Limits Tools\Kumori\third_party\osu\osu.Game.Rulesets.Osu\osu.Game.Rulesets.Osu.csproj]
D:\Off Limits Tools\Kumori\third_party\osu\osu.Game.Rulesets.Osu\UI\Cursor\CursorTrail.cs(174,23): error ENDOFLINE: Fix end of line marker. Replace 1 characters with '\r\n'. [D:\Off Limits Tools\Kumori\third_party\osu\osu.Game.Rulesets.Osu\osu.Game.Rulesets.Osu.csproj]
D:\Off Limits Tools\Kumori\third_party\osu\osu.Game.Rulesets.Osu\UI\Cursor\CursorTrail.cs(175,48): error ENDOFLINE: Fix end of line marker. Replace 1 characters with '\r\n'. [D:\Off Limits Tools\Kumori\third_party\osu\osu.Game.Rulesets.Osu\osu.Game.Rulesets.Osu.csproj]
D:\Off Limits Tools\Kumori\third_party\osu\osu.Game.Rulesets.Osu\UI\Cursor\CursorTrail.cs(176,10): error ENDOFLINE: Fix end of line marker. Replace 1 characters with '\r\n'. [D:\Off Limits Tools\Kumori\third_party\osu\osu.Game.Rulesets.Osu\osu.Game.Rulesets.Osu.csproj]
D:\Off Limits Tools\Kumori\third_party\osu\osu.Game.Rulesets.Osu\UI\Cursor\CursorTrail.cs(177,48): error ENDOFLINE: Fix end of line marker. Replace 1 characters with '\r\n'. [D:\Off Limits Tools\Kumori\third_party\osu\osu.Game.Rulesets.Osu\osu.Game.Rulesets.Osu.csproj]
D:\Off Limits Tools\Kumori\third_party\osu\osu.Game.Rulesets.Osu\UI\Cursor\CursorTrail.cs(178,16): error ENDOFLINE: Fix end of line marker. Replace 1 characters with '\r\n'. [D:\Off Limits Tools\Kumori\third_party\osu\osu.Game.Rulesets.Osu\osu.Game.Rulesets.Osu.csproj]
D:\Off Limits Tools\Kumori\third_party\osu\osu.Game.Rulesets.Osu\UI\Cursor\CursorTrail.cs(179,14): error ENDOFLINE: Fix end of line marker. Replace 1 characters with '\r\n'. [D:\Off Limits Tools\Kumori\third_party\osu\osu.Game.Rulesets.Osu\osu.Game.Rulesets.Osu.csproj]
D:\Off Limits Tools\Kumori\third_party\osu\osu.Game.Rulesets.Osu\UI\Cursor\CursorTrail.cs(180,58): error ENDOFLINE: Fix end of line marker. Replace 1 characters with '\r\n'. [D:\Off Limits Tools\Kumori\third_party\osu\osu.Game.Rulesets.Osu\osu.Game.Rulesets.Osu.csproj]
D:\Off Limits Tools\Kumori\third_party\osu\osu.Game.Rulesets.Osu\UI\Cursor\CursorTrail.cs(181,28): error ENDOFLINE: Fix end of line marker. Replace 1 characters with '\r\n'. [D:\Off Limits Tools\Kumori\third_party\osu\osu.Game.Rulesets.Osu\osu.Game.Rulesets.Osu.csproj]
D:\Off Limits Tools\Kumori\third_party\osu\osu.Game.Rulesets.Osu\UI\Cursor\CursorTrail.cs(182,53): error ENDOFLINE: Fix end of line marker. Replace 1 characters with '\r\n'. [D:\Off Limits Tools\Kumori\third_party\osu\osu.Game.Rulesets.Osu\osu.Game.Rulesets.Osu.csproj]
D:\Off Limits Tools\Kumori\third_party\osu\osu.Game.Rulesets.Osu\UI\Cursor\CursorTrail.cs(183,37): error ENDOFLINE: Fix end of line marker. Replace 1 characters with '\r\n'. [D:\Off Limits Tools\Kumori\third_party\osu\osu.Game.Rulesets.Osu\osu.Game.Rulesets.Osu.csproj]
D:\Off Limits Tools\Kumori\third_party\osu\osu.Game.Rulesets.Osu\UI\Cursor\CursorTrail.cs(184,50): error ENDOFLINE: Fix end of line marker. Replace 1 characters with '\r\n'. [D:\Off Limits Tools\Kumori\third_party\osu\osu.Game.Rulesets.Osu\osu.Game.Rulesets.Osu.csproj]
D:\Off Limits Tools\Kumori\third_party\osu\osu.Game.Rulesets.Osu\UI\Cursor\CursorTrail.cs(185,14): error ENDOFLINE: Fix end of line marker. Replace 1 characters with '\r\n'. [D:\Off Limits Tools\Kumori\third_party\osu\osu.Game.Rulesets.Osu\osu.Game.Rulesets.Osu.csproj]
D:\Off Limits Tools\Kumori\third_party\osu\osu.Game.Rulesets.Osu\UI\Cursor\CursorTrail.cs(186,10): error ENDOFLINE: Fix end of line marker. Replace 1 characters with '\r\n'. [D:\Off Limits Tools\Kumori\third_party\osu\osu.Game.Rulesets.Osu\osu.Game.Rulesets.Osu.csproj]
D:\Off Limits Tools\Kumori\third_party\osu\osu.Game.Rulesets.Osu\UI\Cursor\CursorTrail.cs(187,1): error ENDOFLINE: Fix end of line marker. Replace 1 characters with '\r\n'. [D:\Off Limits Tools\Kumori\third_party\osu\osu.Game.Rulesets.Osu\osu.Game.Rulesets.Osu.csproj]
D:\Off Limits Tools\Kumori\third_party\osu\osu.Game.Rulesets.Osu\UI\Cursor\CursorTrail.cs(188,50): error ENDOFLINE: Fix end of line marker. Replace 1 characters with '\r\n'. [D:\Off Limits Tools\Kumori\third_party\osu\osu.Game.Rulesets.Osu\osu.Game.Rulesets.Osu.csproj]
D:\Off Limits Tools\Kumori\third_party\osu\osu.Game.Rulesets.Osu\UI\Cursor\CursorTrail.cs(192,62): error ENDOFLINE: Fix end of line marker. Replace 1 characters with '\r\n'. [D:\Off Limits Tools\Kumori\third_party\osu\osu.Game.Rulesets.Osu\osu.Game.Rulesets.Osu.csproj]
D:\Off Limits Tools\Kumori\third_party\osu\osu.Game.Rulesets.Osu\UI\Cursor\CursorTrail.cs(193,10): error ENDOFLINE: Fix end of line marker. Replace 1 characters with '\r\n'. [D:\Off Limits Tools\Kumori\third_party\osu\osu.Game.Rulesets.Osu\osu.Game.Rulesets.Osu.csproj]
D:\Off Limits Tools\Kumori\third_party\osu\osu.Game.Rulesets.Osu\UI\Cursor\CursorTrail.cs(194,46): error ENDOFLINE: Fix end of line marker. Replace 1 characters with '\r\n'. [D:\Off Limits Tools\Kumori\third_party\osu\osu.Game.Rulesets.Osu\osu.Game.Rulesets.Osu.csproj]
D:\Off Limits Tools\Kumori\third_party\osu\osu.Game.Rulesets.Osu\UI\Cursor\CursorTrail.cs(195,66): error ENDOFLINE: Fix end of line marker. Replace 1 characters with '\r\n'. [D:\Off Limits Tools\Kumori\third_party\osu\osu.Game.Rulesets.Osu\osu.Game.Rulesets.Osu.csproj]
D:\Off Limits Tools\Kumori\third_party\osu\osu.Game.Rulesets.Osu\UI\Cursor\CursorTrail.cs(196,40): error ENDOFLINE: Fix end of line marker. Replace 1 characters with '\r\n'. [D:\Off Limits Tools\Kumori\third_party\osu\osu.Game.Rulesets.Osu\osu.Game.Rulesets.Osu.csproj]
D:\Off Limits Tools\Kumori\third_party\osu\osu.Game.Rulesets.Osu\UI\Cursor\CursorTrail.cs(197,10): error ENDOFLINE: Fix end of line marker. Replace 1 characters with '\r\n'. [D:\Off Limits Tools\Kumori\third_party\osu\osu.Game.Rulesets.Osu\osu.Game.Rulesets.Osu.csproj]
D:\Off Limits Tools\Kumori\third_party\osu\osu.Game.Rulesets.Osu\UI\Cursor\CursorTrail.cs(198,1): error ENDOFLINE: Fix end of line marker. Replace 1 characters with '\r\n'. [D:\Off Limits Tools\Kumori\third_party\osu\osu.Game.Rulesets.Osu\osu.Game.Rulesets.Osu.csproj]
D:\Off Limits Tools\Kumori\third_party\osu\osu.Game.Rulesets.Osu\UI\Cursor\CursorTrail.cs(199,22): error ENDOFLINE: Fix end of line marker. Replace 1 characters with '\r\n'. [D:\Off Limits Tools\Kumori\third_party\osu\osu.Game.Rulesets.Osu\osu.Game.Rulesets.Osu.csproj]
D:\Off Limits Tools\Kumori\third_party\osu\osu.Game.Rulesets.Osu\UI\Cursor\CursorTrail.cs(200,78): error ENDOFLINE: Fix end of line marker. Replace 1 characters with '\r\n'. [D:\Off Limits Tools\Kumori\third_party\osu\osu.Game.Rulesets.Osu\osu.Game.Rulesets.Osu.csproj]
D:\Off Limits Tools\Kumori\third_party\osu\osu.Game.Rulesets.Osu\UI\Cursor\CursorTrail.cs(201,80): error ENDOFLINE: Fix end of line marker. Replace 1 characters with '\r\n'. [D:\Off Limits Tools\Kumori\third_party\osu\osu.Game.Rulesets.Osu\osu.Game.Rulesets.Osu.csproj]
D:\Off Limits Tools\Kumori\third_party\osu\osu.Game.Rulesets.Osu\UI\Cursor\CursorTrail.cs(202,23): error ENDOFLINE: Fix end of line marker. Replace 1 characters with '\r\n'. [D:\Off Limits Tools\Kumori\third_party\osu\osu.Game.Rulesets.Osu\osu.Game.Rulesets.Osu.csproj]
D:\Off Limits Tools\Kumori\third_party\osu\osu.Game.Rulesets.Osu\UI\Cursor\CursorTrail.cs(203,78): error ENDOFLINE: Fix end of line marker. Replace 1 characters with '\r\n'. [D:\Off Limits Tools\Kumori\third_party\osu\osu.Game.Rulesets.Osu\osu.Game.Rulesets.Osu.csproj]
D:\Off Limits Tools\Kumori\third_party\osu\osu.Game.Rulesets.Osu\UI\Cursor\CursorTrail.cs(204,10): error ENDOFLINE: Fix end of line marker. Replace 1 characters with '\r\n'. [D:\Off Limits Tools\Kumori\third_party\osu\osu.Game.Rulesets.Osu\osu.Game.Rulesets.Osu.csproj]
D:\Off Limits Tools\Kumori\third_party\osu\osu.Game.Rulesets.Osu\UI\Cursor\CursorTrail.cs(205,43): error ENDOFLINE: Fix end of line marker. Replace 1 characters with '\r\n'. [D:\Off Limits Tools\Kumori\third_party\osu\osu.Game.Rulesets.Osu\osu.Game.Rulesets.Osu.csproj]
D:\Off Limits Tools\Kumori\third_party\osu\osu.Game.Rulesets.Osu\UI\Cursor\CursorTrail.cs(206,10): error ENDOFLINE: Fix end of line marker. Replace 1 characters with '\r\n'. [D:\Off Limits Tools\Kumori\third_party\osu\osu.Game.Rulesets.Osu\osu.Game.Rulesets.Osu.csproj]
D:\Off Limits Tools\Kumori\third_party\osu\osu.Game.Rulesets.Osu\UI\Cursor\CursorTrail.cs(207,1): error ENDOFLINE: Fix end of line marker. Replace 1 characters with '\r\n'. [D:\Off Limits Tools\Kumori\third_party\osu\osu.Game.Rulesets.Osu\osu.Game.Rulesets.Osu.csproj]
D:\Off Limits Tools\Kumori\third_party\osu\osu.Game.Rulesets.Osu\UI\Cursor\CursorTrail.cs(208,22): error ENDOFLINE: Fix end of line marker. Replace 1 characters with '\r\n'. [D:\Off Limits Tools\Kumori\third_party\osu\osu.Game.Rulesets.Osu\osu.Game.Rulesets.Osu.csproj]
D:\Off Limits Tools\Kumori\third_party\osu\osu.Game.Rulesets.Osu\UI\Cursor\CursorTrail.cs(209,80): error ENDOFLINE: Fix end of line marker. Replace 1 characters with '\r\n'. [D:\Off Limits Tools\Kumori\third_party\osu\osu.Game.Rulesets.Osu\osu.Game.Rulesets.Osu.csproj]
D:\Off Limits Tools\Kumori\third_party\osu\osu.Game.Rulesets.Osu\UI\Cursor\CursorTrail.cs(210,81): error ENDOFLINE: Fix end of line marker. Replace 1 characters with '\r\n'. [D:\Off Limits Tools\Kumori\third_party\osu\osu.Game.Rulesets.Osu\osu.Game.Rulesets.Osu.csproj]
D:\Off Limits Tools\Kumori\third_party\osu\osu.Game.Rulesets.Osu\UI\Cursor\CursorTrail.cs(211,76): error ENDOFLINE: Fix end of line marker. Replace 1 characters with '\r\n'. [D:\Off Limits Tools\Kumori\third_party\osu\osu.Game.Rulesets.Osu\osu.Game.Rulesets.Osu.csproj]
D:\Off Limits Tools\Kumori\third_party\osu\osu.Game.Rulesets.Osu\UI\Cursor\CursorTrail.cs(212,23): error ENDOFLINE: Fix end of line marker. Replace 1 characters with '\r\n'. [D:\Off Limits Tools\Kumori\third_party\osu\osu.Game.Rulesets.Osu\osu.Game.Rulesets.Osu.csproj]
D:\Off Limits Tools\Kumori\third_party\osu\osu.Game.Rulesets.Osu\UI\Cursor\CursorTrail.cs(213,33): error ENDOFLINE: Fix end of line marker. Replace 1 characters with '\r\n'. [D:\Off Limits Tools\Kumori\third_party\osu\osu.Game.Rulesets.Osu\osu.Game.Rulesets.Osu.csproj]
D:\Off Limits Tools\Kumori\third_party\osu\osu.Game.Rulesets.Osu\UI\Cursor\CursorTrail.cs(214,10): error ENDOFLINE: Fix end of line marker. Replace 1 characters with '\r\n'. [D:\Off Limits Tools\Kumori\third_party\osu\osu.Game.Rulesets.Osu\osu.Game.Rulesets.Osu.csproj]
D:\Off Limits Tools\Kumori\third_party\osu\osu.Game.Rulesets.Osu\UI\Cursor\CursorTrail.cs(215,33): error ENDOFLINE: Fix end of line marker. Replace 1 characters with '\r\n'. [D:\Off Limits Tools\Kumori\third_party\osu\osu.Game.Rulesets.Osu\osu.Game.Rulesets.Osu.csproj]
D:\Off Limits Tools\Kumori\third_party\osu\osu.Game.Rulesets.Osu\UI\Cursor\CursorTrail.cs(216,46): error ENDOFLINE: Fix end of line marker. Replace 1 characters with '\r\n'. [D:\Off Limits Tools\Kumori\third_party\osu\osu.Game.Rulesets.Osu\osu.Game.Rulesets.Osu.csproj]
D:\Off Limits Tools\Kumori\third_party\osu\osu.Game.Rulesets.Osu\UI\Cursor\CursorTrail.cs(217,30): error ENDOFLINE: Fix end of line marker. Replace 1 characters with '\r\n'. [D:\Off Limits Tools\Kumori\third_party\osu\osu.Game.Rulesets.Osu\osu.Game.Rulesets.Osu.csproj]
D:\Off Limits Tools\Kumori\third_party\osu\osu.Game.Rulesets.Osu\UI\Cursor\CursorTrail.cs(218,51): error ENDOFLINE: Fix end of line marker. Replace 1 characters with '\r\n'. [D:\Off Limits Tools\Kumori\third_party\osu\osu.Game.Rulesets.Osu\osu.Game.Rulesets.Osu.csproj]
D:\Off Limits Tools\Kumori\third_party\osu\osu.Game.Rulesets.Osu\UI\Cursor\CursorTrail.cs(219,46): error ENDOFLINE: Fix end of line marker. Replace 1 characters with '\r\n'. [D:\Off Limits Tools\Kumori\third_party\osu\osu.Game.Rulesets.Osu\osu.Game.Rulesets.Osu.csproj]
D:\Off Limits Tools\Kumori\third_party\osu\osu.Game.Rulesets.Osu\UI\Cursor\CursorTrail.cs(220,47): error ENDOFLINE: Fix end of line marker. Replace 1 characters with '\r\n'. [D:\Off Limits Tools\Kumori\third_party\osu\osu.Game.Rulesets.Osu\osu.Game.Rulesets.Osu.csproj]
D:\Off Limits Tools\Kumori\third_party\osu\osu.Game.Rulesets.Osu\UI\Cursor\CursorTrail.cs(221,10): error ENDOFLINE: Fix end of line marker. Replace 1 characters with '\r\n'. [D:\Off Limits Tools\Kumori\third_party\osu\osu.Game.Rulesets.Osu\osu.Game.Rulesets.Osu.csproj]
D:\Off Limits Tools\Kumori\third_party\osu\osu.Game.Rulesets.Osu\UI\Cursor\CursorTrail.cs(222,1): error ENDOFLINE: Fix end of line marker. Replace 1 characters with '\r\n'. [D:\Off Limits Tools\Kumori\third_party\osu\osu.Game.Rulesets.Osu\osu.Game.Rulesets.Osu.csproj]
D:\Off Limits Tools\Kumori\third_party\osu\osu.Game.Rulesets.Osu\UI\Cursor\CursorTrail.cs(223,50): error ENDOFLINE: Fix end of line marker. Replace 1 characters with '\r\n'. [D:\Off Limits Tools\Kumori\third_party\osu\osu.Game.Rulesets.Osu\osu.Game.Rulesets.Osu.csproj]
D:\Off Limits Tools\Kumori\third_party\osu\osu.Game.Rulesets.Osu\UI\OsuPlayfield.cs(1,79): error ENDOFLINE: Fix end of line marker. Replace 1 characters with '\r\n'. [D:\Off Limits Tools\Kumori\third_party\osu\osu.Game.Rulesets.Osu\osu.Game.Rulesets.Osu.csproj]
D:\Off Limits Tools\Kumori\third_party\osu\osu.Game.Rulesets.Osu\UI\OsuPlayfield.cs(2,70): error ENDOFLINE: Fix end of line marker. Replace 1 characters with '\r\n'. [D:\Off Limits Tools\Kumori\third_party\osu\osu.Game.Rulesets.Osu\osu.Game.Rulesets.Osu.csproj]
D:\Off Limits Tools\Kumori\third_party\osu\osu.Game.Rulesets.Osu\UI\OsuPlayfield.cs(3,1): error ENDOFLINE: Fix end of line marker. Replace 1 characters with '\r\n'. [D:\Off Limits Tools\Kumori\third_party\osu\osu.Game.Rulesets.Osu\osu.Game.Rulesets.Osu.csproj]
D:\Off Limits Tools\Kumori\third_party\osu\osu.Game.Rulesets.Osu\UI\OsuPlayfield.cs(4,14): error ENDOFLINE: Fix end of line marker. Replace 1 characters with '\r\n'. [D:\Off Limits Tools\Kumori\third_party\osu\osu.Game.Rulesets.Osu\osu.Game.Rulesets.Osu.csproj]
D:\Off Limits Tools\Kumori\third_party\osu\osu.Game.Rulesets.Osu\UI\OsuPlayfield.cs(5,34): error ENDOFLINE: Fix end of line marker. Replace 1 characters with '\r\n'. [D:\Off Limits Tools\Kumori\third_party\osu\osu.Game.Rulesets.Osu\osu.Game.Rulesets.Osu.csproj]
D:\Off Limits Tools\Kumori\third_party\osu\osu.Game.Rulesets.Osu\UI\OsuPlayfield.cs(6,26): error ENDOFLINE: Fix end of line marker. Replace 1 characters with '\r\n'. [D:\Off Limits Tools\Kumori\third_party\osu\osu.Game.Rulesets.Osu\osu.Game.Rulesets.Osu.csproj]
D:\Off Limits Tools\Kumori\third_party\osu\osu.Game.Rulesets.Osu\UI\OsuPlayfield.cs(7,39): error ENDOFLINE: Fix end of line marker. Replace 1 characters with '\r\n'. [D:\Off Limits Tools\Kumori\third_party\osu\osu.Game.Rulesets.Osu\osu.Game.Rulesets.Osu.csproj]
D:\Off Limits Tools\Kumori\third_party\osu\osu.Game.Rulesets.Osu\UI\OsuPlayfield.cs(8,19): error ENDOFLINE: Fix end of line marker. Replace 1 characters with '\r\n'. [D:\Off Limits Tools\Kumori\third_party\osu\osu.Game.Rulesets.Osu\osu.Game.Rulesets.Osu.csproj]
D:\Off Limits Tools\Kumori\third_party\osu\osu.Game.Rulesets.Osu\UI\OsuPlayfield.cs(9,32): error ENDOFLINE: Fix end of line marker. Replace 1 characters with '\r\n'. [D:\Off Limits Tools\Kumori\third_party\osu\osu.Game.Rulesets.Osu\osu.Game.Rulesets.Osu.csproj]
D:\Off Limits Tools\Kumori\third_party\osu\osu.Game.Rulesets.Osu\UI\OsuPlayfield.cs(10,30): error ENDOFLINE: Fix end of line marker. Replace 1 characters with '\r\n'. [D:\Off Limits Tools\Kumori\third_party\osu\osu.Game.Rulesets.Osu\osu.Game.Rulesets.Osu.csproj]
D:\Off Limits Tools\Kumori\third_party\osu\osu.Game.Rulesets.Osu\UI\OsuPlayfield.cs(11,41): error ENDOFLINE: Fix end of line marker. Replace 1 characters with '\r\n'. [D:\Off Limits Tools\Kumori\third_party\osu\osu.Game.Rulesets.Osu\osu.Game.Rulesets.Osu.csproj]
D:\Off Limits Tools\Kumori\third_party\osu\osu.Game.Rulesets.Osu\UI\OsuPlayfield.cs(12,41): error ENDOFLINE: Fix end of line marker. Replace 1 characters with '\r\n'. [D:\Off Limits Tools\Kumori\third_party\osu\osu.Game.Rulesets.Osu\osu.Game.Rulesets.Osu.csproj]
D:\Off Limits Tools\Kumori\third_party\osu\osu.Game.Rulesets.Osu\UI\OsuPlayfield.cs(13,25): error ENDOFLINE: Fix end of line marker. Replace 1 characters with '\r\n'. [D:\Off Limits Tools\Kumori\third_party\osu\osu.Game.Rulesets.Osu\osu.Game.Rulesets.Osu.csproj]
D:\Off Limits Tools\Kumori\third_party\osu\osu.Game.Rulesets.Osu\UI\OsuPlayfield.cs(14,36): error ENDOFLINE: Fix end of line marker. Replace 1 characters with '\r\n'. [D:\Off Limits Tools\Kumori\third_party\osu\osu.Game.Rulesets.Osu\osu.Game.Rulesets.Osu.csproj]
D:\Off Limits Tools\Kumori\third_party\osu\osu.Game.Rulesets.Osu\UI\OsuPlayfield.cs(15,33): error ENDOFLINE: Fix end of line marker. Replace 1 characters with '\r\n'. [D:\Off Limits Tools\Kumori\third_party\osu\osu.Game.Rulesets.Osu\osu.Game.Rulesets.Osu.csproj]
D:\Off Limits Tools\Kumori\third_party\osu\osu.Game.Rulesets.Osu\UI\OsuPlayfield.cs(16,43): error ENDOFLINE: Fix end of line marker. Replace 1 characters with '\r\n'. [D:\Off Limits Tools\Kumori\third_party\osu\osu.Game.Rulesets.Osu\osu.Game.Rulesets.Osu.csproj]
D:\Off Limits Tools\Kumori\third_party\osu\osu.Game.Rulesets.Osu\UI\OsuPlayfield.cs(17,40): error ENDOFLINE: Fix end of line marker. Replace 1 characters with '\r\n'. [D:\Off Limits Tools\Kumori\third_party\osu\osu.Game.Rulesets.Osu\osu.Game.Rulesets.Osu.csproj]
D:\Off Limits Tools\Kumori\third_party\osu\osu.Game.Rulesets.Osu\UI\OsuPlayfield.cs(18,38): error ENDOFLINE: Fix end of line marker. Replace 1 characters with '\r\n'. [D:\Off Limits Tools\Kumori\third_party\osu\osu.Game.Rulesets.Osu\osu.Game.Rulesets.Osu.csproj]
D:\Off Limits Tools\Kumori\third_party\osu\osu.Game.Rulesets.Osu\UI\OsuPlayfield.cs(19,43): error ENDOFLINE: Fix end of line marker. Replace 1 characters with '\r\n'. [D:\Off Limits Tools\Kumori\third_party\osu\osu.Game.Rulesets.Osu\osu.Game.Rulesets.Osu.csproj]
D:\Off Limits Tools\Kumori\third_party\osu\osu.Game.Rulesets.Osu\UI\OsuPlayfield.cs(20,40): error ENDOFLINE: Fix end of line marker. Replace 1 characters with '\r\n'. [D:\Off Limits Tools\Kumori\third_party\osu\osu.Game.Rulesets.Osu\osu.Game.Rulesets.Osu.csproj]
D:\Off Limits Tools\Kumori\third_party\osu\osu.Game.Rulesets.Osu\UI\OsuPlayfield.cs(21,37): error ENDOFLINE: Fix end of line marker. Replace 1 characters with '\r\n'. [D:\Off Limits Tools\Kumori\third_party\osu\osu.Game.Rulesets.Osu\osu.Game.Rulesets.Osu.csproj]
D:\Off Limits Tools\Kumori\third_party\osu\osu.Game.Rulesets.Osu\UI\OsuPlayfield.cs(22,47): error ENDOFLINE: Fix end of line marker. Replace 1 characters with '\r\n'. [D:\Off Limits Tools\Kumori\third_party\osu\osu.Game.Rulesets.Osu\osu.Game.Rulesets.Osu.csproj]
D:\Off Limits Tools\Kumori\third_party\osu\osu.Game.Rulesets.Osu\UI\OsuPlayfield.cs(23,59): error ENDOFLINE: Fix end of line marker. Replace 1 characters with '\r\n'. [D:\Off Limits Tools\Kumori\third_party\osu\osu.Game.Rulesets.Osu\osu.Game.Rulesets.Osu.csproj]
D:\Off Limits Tools\Kumori\third_party\osu\osu.Game.Rulesets.Osu\UI\OsuPlayfield.cs(24,39): error ENDOFLINE: Fix end of line marker. Replace 1 characters with '\r\n'. [D:\Off Limits Tools\Kumori\third_party\osu\osu.Game.Rulesets.Osu\osu.Game.Rulesets.Osu.csproj]
D:\Off Limits Tools\Kumori\third_party\osu\osu.Game.Rulesets.Osu\UI\OsuPlayfield.cs(25,33): error ENDOFLINE: Fix end of line marker. Replace 1 characters with '\r\n'. [D:\Off Limits Tools\Kumori\third_party\osu\osu.Game.Rulesets.Osu\osu.Game.Rulesets.Osu.csproj]
D:\Off Limits Tools\Kumori\third_party\osu\osu.Game.Rulesets.Osu\UI\OsuPlayfield.cs(26,28): error ENDOFLINE: Fix end of line marker. Replace 1 characters with '\r\n'. [D:\Off Limits Tools\Kumori\third_party\osu\osu.Game.Rulesets.Osu\osu.Game.Rulesets.Osu.csproj]
D:\Off Limits Tools\Kumori\third_party\osu\osu.Game.Rulesets.Osu\UI\OsuPlayfield.cs(27,13): error ENDOFLINE: Fix end of line marker. Replace 1 characters with '\r\n'. [D:\Off Limits Tools\Kumori\third_party\osu\osu.Game.Rulesets.Osu\osu.Game.Rulesets.Osu.csproj]
D:\Off Limits Tools\Kumori\third_party\osu\osu.Game.Rulesets.Osu\UI\OsuPlayfield.cs(28,1): error ENDOFLINE: Fix end of line marker. Replace 1 characters with '\r\n'. [D:\Off Limits Tools\Kumori\third_party\osu\osu.Game.Rulesets.Osu\osu.Game.Rulesets.Osu.csproj]
D:\Off Limits Tools\Kumori\third_party\osu\osu.Game.Rulesets.Osu\UI\OsuPlayfield.cs(29,35): error ENDOFLINE: Fix end of line marker. Replace 1 characters with '\r\n'. [D:\Off Limits Tools\Kumori\third_party\osu\osu.Game.Rulesets.Osu\osu.Game.Rulesets.Osu.csproj]
D:\Off Limits Tools\Kumori\third_party\osu\osu.Game.Rulesets.Osu\UI\OsuPlayfield.cs(30,2): error ENDOFLINE: Fix end of line marker. Replace 1 characters with '\r\n'. [D:\Off Limits Tools\Kumori\third_party\osu\osu.Game.Rulesets.Osu\osu.Game.Rulesets.Osu.csproj]
D:\Off Limits Tools\Kumori\third_party\osu\osu.Game.Rulesets.Osu\UI\OsuPlayfield.cs(31,13): error ENDOFLINE: Fix end of line marker. Replace 1 characters with '\r\n'. [D:\Off Limits Tools\Kumori\third_party\osu\osu.Game.Rulesets.Osu\osu.Game.Rulesets.Osu.csproj]
D:\Off Limits Tools\Kumori\third_party\osu\osu.Game.Rulesets.Osu\UI\OsuPlayfield.cs(32,50): error ENDOFLINE: Fix end of line marker. Replace 1 characters with '\r\n'. [D:\Off Limits Tools\Kumori\third_party\osu\osu.Game.Rulesets.Osu\osu.Game.Rulesets.Osu.csproj]
D:\Off Limits Tools\Kumori\third_party\osu\osu.Game.Rulesets.Osu\UI\OsuPlayfield.cs(33,6): error ENDOFLINE: Fix end of line marker. Replace 1 characters with '\r\n'. [D:\Off Limits Tools\Kumori\third_party\osu\osu.Game.Rulesets.Osu\osu.Game.Rulesets.Osu.csproj]
D:\Off Limits Tools\Kumori\third_party\osu\osu.Game.Rulesets.Osu\UI\OsuPlayfield.cs(34,52): error ENDOFLINE: Fix end of line marker. Replace 1 characters with '\r\n'. [D:\Off Limits Tools\Kumori\third_party\osu\osu.Game.Rulesets.Osu\osu.Game.Rulesets.Osu.csproj]
D:\Off Limits Tools\Kumori\third_party\osu\osu.Game.Rulesets.Osu\UI\OsuPlayfield.cs(35,58): error ENDOFLINE: Fix end of line marker. Replace 1 characters with '\r\n'. [D:\Off Limits Tools\Kumori\third_party\osu\osu.Game.Rulesets.Osu\osu.Game.Rulesets.Osu.csproj]
D:\Off Limits Tools\Kumori\third_party\osu\osu.Game.Rulesets.Osu\UI\OsuPlayfield.cs(36,57): error ENDOFLINE: Fix end of line marker. Replace 1 characters with '\r\n'. [D:\Off Limits Tools\Kumori\third_party\osu\osu.Game.Rulesets.Osu\osu.Game.Rulesets.Osu.csproj]
D:\Off Limits Tools\Kumori\third_party\osu\osu.Game.Rulesets.Osu\UI\OsuPlayfield.cs(37,56): error ENDOFLINE: Fix end of line marker. Replace 1 characters with '\r\n'. [D:\Off Limits Tools\Kumori\third_party\osu\osu.Game.Rulesets.Osu\osu.Game.Rulesets.Osu.csproj]
D:\Off Limits Tools\Kumori\third_party\osu\osu.Game.Rulesets.Osu\UI\OsuPlayfield.cs(38,82): error ENDOFLINE: Fix end of line marker. Replace 1 characters with '\r\n'. [D:\Off Limits Tools\Kumori\third_party\osu\osu.Game.Rulesets.Osu\osu.Game.Rulesets.Osu.csproj]
D:\Off Limits Tools\Kumori\third_party\osu\osu.Game.Rulesets.Osu\UI\OsuPlayfield.cs(39,85): error ENDOFLINE: Fix end of line marker. Replace 1 characters with '\r\n'. [D:\Off Limits Tools\Kumori\third_party\osu\osu.Game.Rulesets.Osu\osu.Game.Rulesets.Osu.csproj]
D:\Off Limits Tools\Kumori\third_party\osu\osu.Game.Rulesets.Osu\UI\OsuPlayfield.cs(40,57): error ENDOFLINE: Fix end of line marker. Replace 1 characters with '\r\n'. [D:\Off Limits Tools\Kumori\third_party\osu\osu.Game.Rulesets.Osu\osu.Game.Rulesets.Osu.csproj]
D:\Off Limits Tools\Kumori\third_party\osu\osu.Game.Rulesets.Osu\UI\OsuPlayfield.cs(41,1): error ENDOFLINE: Fix end of line marker. Replace 1 characters with '\r\n'. [D:\Off Limits Tools\Kumori\third_party\osu\osu.Game.Rulesets.Osu\osu.Game.Rulesets.Osu.csproj]
D:\Off Limits Tools\Kumori\third_party\osu\osu.Game.Rulesets.Osu\UI\OsuPlayfield.cs(42,80): error ENDOFLINE: Fix end of line marker. Replace 1 characters with '\r\n'. [D:\Off Limits Tools\Kumori\third_party\osu\osu.Game.Rulesets.Osu\osu.Game.Rulesets.Osu.csproj]
D:\Off Limits Tools\Kumori\third_party\osu\osu.Game.Rulesets.Osu\UI\OsuPlayfield.cs(43,1): error ENDOFLINE: Fix end of line marker. Replace 1 characters with '\r\n'. [D:\Off Limits Tools\Kumori\third_party\osu\osu.Game.Rulesets.Osu\osu.Game.Rulesets.Osu.csproj]
D:\Off Limits Tools\Kumori\third_party\osu\osu.Game.Rulesets.Osu\UI\OsuPlayfield.cs(44,62): error ENDOFLINE: Fix end of line marker. Replace 1 characters with '\r\n'. [D:\Off Limits Tools\Kumori\third_party\osu\osu.Game.Rulesets.Osu\osu.Game.Rulesets.Osu.csproj]
D:\Off Limits Tools\Kumori\third_party\osu\osu.Game.Rulesets.Osu\UI\OsuPlayfield.cs(45,137): error ENDOFLINE: Fix end of line marker. Replace 1 characters with '\r\n'. [D:\Off Limits Tools\Kumori\third_party\osu\osu.Game.Rulesets.Osu\osu.Game.Rulesets.Osu.csproj]
D:\Off Limits Tools\Kumori\third_party\osu\osu.Game.Rulesets.Osu\UI\OsuPlayfield.cs(46,62): error ENDOFLINE: Fix end of line marker. Replace 1 characters with '\r\n'. [D:\Off Limits Tools\Kumori\third_party\osu\osu.Game.Rulesets.Osu\osu.Game.Rulesets.Osu.csproj]
D:\Off Limits Tools\Kumori\third_party\osu\osu.Game.Rulesets.Osu\UI\OsuPlayfield.cs(47,1): error ENDOFLINE: Fix end of line marker. Replace 1 characters with '\r\n'. [D:\Off Limits Tools\Kumori\third_party\osu\osu.Game.Rulesets.Osu\osu.Game.Rulesets.Osu.csproj]
D:\Off Limits Tools\Kumori\third_party\osu\osu.Game.Rulesets.Osu\UI\OsuPlayfield.cs(48,45): error ENDOFLINE: Fix end of line marker. Replace 1 characters with '\r\n'. [D:\Off Limits Tools\Kumori\third_party\osu\osu.Game.Rulesets.Osu\osu.Game.Rulesets.Osu.csproj]
D:\Off Limits Tools\Kumori\third_party\osu\osu.Game.Rulesets.Osu\UI\OsuPlayfield.cs(49,57): error ENDOFLINE: Fix end of line marker. Replace 1 characters with '\r\n'. [D:\Off Limits Tools\Kumori\third_party\osu\osu.Game.Rulesets.Osu\osu.Game.Rulesets.Osu.csproj]
D:\Off Limits Tools\Kumori\third_party\osu\osu.Game.Rulesets.Osu\UI\OsuPlayfield.cs(50,1): error ENDOFLINE: Fix end of line marker. Replace 1 characters with '\r\n'. [D:\Off Limits Tools\Kumori\third_party\osu\osu.Game.Rulesets.Osu\osu.Game.Rulesets.Osu.csproj]
D:\Off Limits Tools\Kumori\third_party\osu\osu.Game.Rulesets.Osu\UI\OsuPlayfield.cs(51,74): error ENDOFLINE: Fix end of line marker. Replace 1 characters with '\r\n'. [D:\Off Limits Tools\Kumori\third_party\osu\osu.Game.Rulesets.Osu\osu.Game.Rulesets.Osu.csproj]
D:\Off Limits Tools\Kumori\third_party\osu\osu.Game.Rulesets.Osu\UI\OsuPlayfield.cs(52,1): error ENDOFLINE: Fix end of line marker. Replace 1 characters with '\r\n'. [D:\Off Limits Tools\Kumori\third_party\osu\osu.Game.Rulesets.Osu\osu.Game.Rulesets.Osu.csproj]
D:\Off Limits Tools\Kumori\third_party\osu\osu.Game.Rulesets.Osu\UI\OsuPlayfield.cs(53,96): error ENDOFLINE: Fix end of line marker. Replace 1 characters with '\r\n'. [D:\Off Limits Tools\Kumori\third_party\osu\osu.Game.Rulesets.Osu\osu.Game.Rulesets.Osu.csproj]
D:\Off Limits Tools\Kumori\third_party\osu\osu.Game.Rulesets.Osu\UI\OsuPlayfield.cs(54,1): error ENDOFLINE: Fix end of line marker. Replace 1 characters with '\r\n'. [D:\Off Limits Tools\Kumori\third_party\osu\osu.Game.Rulesets.Osu\osu.Game.Rulesets.Osu.csproj]
D:\Off Limits Tools\Kumori\third_party\osu\osu.Game.Rulesets.Osu\UI\OsuPlayfield.cs(55,107): error ENDOFLINE: Fix end of line marker. Replace 1 characters with '\r\n'. [D:\Off Limits Tools\Kumori\third_party\osu\osu.Game.Rulesets.Osu\osu.Game.Rulesets.Osu.csproj]
D:\Off Limits Tools\Kumori\third_party\osu\osu.Game.Rulesets.Osu\UI\OsuPlayfield.cs(56,1): error ENDOFLINE: Fix end of line marker. Replace 1 characters with '\r\n'. [D:\Off Limits Tools\Kumori\third_party\osu\osu.Game.Rulesets.Osu\osu.Game.Rulesets.Osu.csproj]
D:\Off Limits Tools\Kumori\third_party\osu\osu.Game.Rulesets.Osu\UI\OsuPlayfield.cs(57,65): error ENDOFLINE: Fix end of line marker. Replace 1 characters with '\r\n'. [D:\Off Limits Tools\Kumori\third_party\osu\osu.Game.Rulesets.Osu\osu.Game.Rulesets.Osu.csproj]
D:\Off Limits Tools\Kumori\third_party\osu\osu.Game.Rulesets.Osu\UI\OsuPlayfield.cs(58,77): error ENDOFLINE: Fix end of line marker. Replace 1 characters with '\r\n'. [D:\Off Limits Tools\Kumori\third_party\osu\osu.Game.Rulesets.Osu\osu.Game.Rulesets.Osu.csproj]
D:\Off Limits Tools\Kumori\third_party\osu\osu.Game.Rulesets.Osu\UI\OsuPlayfield.cs(59,1): error ENDOFLINE: Fix end of line marker. Replace 1 characters with '\r\n'. [D:\Off Limits Tools\Kumori\third_party\osu\osu.Game.Rulesets.Osu\osu.Game.Rulesets.Osu.csproj]
D:\Off Limits Tools\Kumori\third_party\osu\osu.Game.Rulesets.Osu\UI\OsuPlayfield.cs(60,30): error ENDOFLINE: Fix end of line marker. Replace 1 characters with '\r\n'. [D:\Off Limits Tools\Kumori\third_party\osu\osu.Game.Rulesets.Osu\osu.Game.Rulesets.Osu.csproj]
D:\Off Limits Tools\Kumori\third_party\osu\osu.Game.Rulesets.Osu\UI\OsuPlayfield.cs(61,10): error ENDOFLINE: Fix end of line marker. Replace 1 characters with '\r\n'. [D:\Off Limits Tools\Kumori\third_party\osu\osu.Game.Rulesets.Osu\osu.Game.Rulesets.Osu.csproj]
D:\Off Limits Tools\Kumori\third_party\osu\osu.Game.Rulesets.Osu\UI\OsuPlayfield.cs(62,36): error ENDOFLINE: Fix end of line marker. Replace 1 characters with '\r\n'. [D:\Off Limits Tools\Kumori\third_party\osu\osu.Game.Rulesets.Osu\osu.Game.Rulesets.Osu.csproj]
D:\Off Limits Tools\Kumori\third_party\osu\osu.Game.Rulesets.Osu\UI\OsuPlayfield.cs(63,36): error ENDOFLINE: Fix end of line marker. Replace 1 characters with '\r\n'. [D:\Off Limits Tools\Kumori\third_party\osu\osu.Game.Rulesets.Osu\osu.Game.Rulesets.Osu.csproj]
D:\Off Limits Tools\Kumori\third_party\osu\osu.Game.Rulesets.Osu\UI\OsuPlayfield.cs(64,1): error ENDOFLINE: Fix end of line marker. Replace 1 characters with '\r\n'. [D:\Off Limits Tools\Kumori\third_party\osu\osu.Game.Rulesets.Osu\osu.Game.Rulesets.Osu.csproj]
D:\Off Limits Tools\Kumori\third_party\osu\osu.Game.Rulesets.Osu\UI\OsuPlayfield.cs(65,46): error ENDOFLINE: Fix end of line marker. Replace 1 characters with '\r\n'. [D:\Off Limits Tools\Kumori\third_party\osu\osu.Game.Rulesets.Osu\osu.Game.Rulesets.Osu.csproj]
D:\Off Limits Tools\Kumori\third_party\osu\osu.Game.Rulesets.Osu\UI\OsuPlayfield.cs(66,14): error ENDOFLINE: Fix end of line marker. Replace 1 characters with '\r\n'. [D:\Off Limits Tools\Kumori\third_party\osu\osu.Game.Rulesets.Osu\osu.Game.Rulesets.Osu.csproj]
D:\Off Limits Tools\Kumori\third_party\osu\osu.Game.Rulesets.Osu\UI\OsuPlayfield.cs(67,48): error ENDOFLINE: Fix end of line marker. Replace 1 characters with '\r\n'. [D:\Off Limits Tools\Kumori\third_party\osu\osu.Game.Rulesets.Osu\osu.Game.Rulesets.Osu.csproj]
D:\Off Limits Tools\Kumori\third_party\osu\osu.Game.Rulesets.Osu\UI\OsuPlayfield.cs(68,18): error ENDOFLINE: Fix end of line marker. Replace 1 characters with '\r\n'. [D:\Off Limits Tools\Kumori\third_party\osu\osu.Game.Rulesets.Osu\osu.Game.Rulesets.Osu.csproj]
D:\Off Limits Tools\Kumori\third_party\osu\osu.Game.Rulesets.Osu\UI\OsuPlayfield.cs(69,50): error ENDOFLINE: Fix end of line marker. Replace 1 characters with '\r\n'. [D:\Off Limits Tools\Kumori\third_party\osu\osu.Game.Rulesets.Osu\osu.Game.Rulesets.Osu.csproj]
D:\Off Limits Tools\Kumori\third_party\osu\osu.Game.Rulesets.Osu\UI\OsuPlayfield.cs(70,100): error ENDOFLINE: Fix end of line marker. Replace 1 characters with '\r\n'. [D:\Off Limits Tools\Kumori\third_party\osu\osu.Game.Rulesets.Osu\osu.Game.Rulesets.Osu.csproj]
D:\Off Limits Tools\Kumori\third_party\osu\osu.Game.Rulesets.Osu\UI\OsuPlayfield.cs(71,19): error ENDOFLINE: Fix end of line marker. Replace 1 characters with '\r\n'. [D:\Off Limits Tools\Kumori\third_party\osu\osu.Game.Rulesets.Osu\osu.Game.Rulesets.Osu.csproj]
D:\Off Limits Tools\Kumori\third_party\osu\osu.Game.Rulesets.Osu\UI\OsuPlayfield.cs(72,77): error ENDOFLINE: Fix end of line marker. Replace 1 characters with '\r\n'. [D:\Off Limits Tools\Kumori\third_party\osu\osu.Game.Rulesets.Osu\osu.Game.Rulesets.Osu.csproj]
D:\Off Limits Tools\Kumori\third_party\osu\osu.Game.Rulesets.Osu\UI\OsuPlayfield.cs(73,86): error ENDOFLINE: Fix end of line marker. Replace 1 characters with '\r\n'. [D:\Off Limits Tools\Kumori\third_party\osu\osu.Game.Rulesets.Osu\osu.Game.Rulesets.Osu.csproj]
D:\Off Limits Tools\Kumori\third_party\osu\osu.Game.Rulesets.Osu\UI\OsuPlayfield.cs(74,89): error ENDOFLINE: Fix end of line marker. Replace 1 characters with '\r\n'. [D:\Off Limits Tools\Kumori\third_party\osu\osu.Game.Rulesets.Osu\osu.Game.Rulesets.Osu.csproj]
D:\Off Limits Tools\Kumori\third_party\osu\osu.Game.Rulesets.Osu\UI\OsuPlayfield.cs(75,112): error ENDOFLINE: Fix end of line marker. Replace 1 characters with '\r\n'. [D:\Off Limits Tools\Kumori\third_party\osu\osu.Game.Rulesets.Osu\osu.Game.Rulesets.Osu.csproj]
D:\Off Limits Tools\Kumori\third_party\osu\osu.Game.Rulesets.Osu\UI\OsuPlayfield.cs(76,115): error ENDOFLINE: Fix end of line marker. Replace 1 characters with '\r\n'. [D:\Off Limits Tools\Kumori\third_party\osu\osu.Game.Rulesets.Osu\osu.Game.Rulesets.Osu.csproj]
D:\Off Limits Tools\Kumori\third_party\osu\osu.Game.Rulesets.Osu\UI\OsuPlayfield.cs(77,36): error ENDOFLINE: Fix end of line marker. Replace 1 characters with '\r\n'. [D:\Off Limits Tools\Kumori\third_party\osu\osu.Game.Rulesets.Osu\osu.Game.Rulesets.Osu.csproj]
D:\Off Limits Tools\Kumori\third_party\osu\osu.Game.Rulesets.Osu\UI\OsuPlayfield.cs(78,95): error ENDOFLINE: Fix end of line marker. Replace 1 characters with '\r\n'. [D:\Off Limits Tools\Kumori\third_party\osu\osu.Game.Rulesets.Osu\osu.Game.Rulesets.Osu.csproj]
D:\Off Limits Tools\Kumori\third_party\osu\osu.Game.Rulesets.Osu\UI\OsuPlayfield.cs(79,107): error ENDOFLINE: Fix end of line marker. Replace 1 characters with '\r\n'. [D:\Off Limits Tools\Kumori\third_party\osu\osu.Game.Rulesets.Osu\osu.Game.Rulesets.Osu.csproj]
D:\Off Limits Tools\Kumori\third_party\osu\osu.Game.Rulesets.Osu\UI\OsuPlayfield.cs(80,87): error ENDOFLINE: Fix end of line marker. Replace 1 characters with '\r\n'. [D:\Off Limits Tools\Kumori\third_party\osu\osu.Game.Rulesets.Osu\osu.Game.Rulesets.Osu.csproj]
D:\Off Limits Tools\Kumori\third_party\osu\osu.Game.Rulesets.Osu\UI\OsuPlayfield.cs(81,15): error ENDOFLINE: Fix end of line marker. Replace 1 characters with '\r\n'. [D:\Off Limits Tools\Kumori\third_party\osu\osu.Game.Rulesets.Osu\osu.Game.Rulesets.Osu.csproj]
D:\Off Limits Tools\Kumori\third_party\osu\osu.Game.Rulesets.Osu\UI\OsuPlayfield.cs(82,1): error ENDOFLINE: Fix end of line marker. Replace 1 characters with '\r\n'. [D:\Off Limits Tools\Kumori\third_party\osu\osu.Game.Rulesets.Osu\osu.Game.Rulesets.Osu.csproj]
D:\Off Limits Tools\Kumori\third_party\osu\osu.Game.Rulesets.Osu\UI\OsuPlayfield.cs(83,57): error ENDOFLINE: Fix end of line marker. Replace 1 characters with '\r\n'. [D:\Off Limits Tools\Kumori\third_party\osu\osu.Game.Rulesets.Osu\osu.Game.Rulesets.Osu.csproj]
D:\Off Limits Tools\Kumori\third_party\osu\osu.Game.Rulesets.Osu\UI\OsuPlayfield.cs(84,1): error ENDOFLINE: Fix end of line marker. Replace 1 characters with '\r\n'. [D:\Off Limits Tools\Kumori\third_party\osu\osu.Game.Rulesets.Osu\osu.Game.Rulesets.Osu.csproj]
D:\Off Limits Tools\Kumori\third_party\osu\osu.Game.Rulesets.Osu\UI\OsuPlayfield.cs(85,90): error ENDOFLINE: Fix end of line marker. Replace 1 characters with '\r\n'. [D:\Off Limits Tools\Kumori\third_party\osu\osu.Game.Rulesets.Osu\osu.Game.Rulesets.Osu.csproj]
D:\Off Limits Tools\Kumori\third_party\osu\osu.Game.Rulesets.Osu\UI\OsuPlayfield.cs(86,14): error ENDOFLINE: Fix end of line marker. Replace 1 characters with '\r\n'. [D:\Off Limits Tools\Kumori\third_party\osu\osu.Game.Rulesets.Osu\osu.Game.Rulesets.Osu.csproj]
D:\Off Limits Tools\Kumori\third_party\osu\osu.Game.Rulesets.Osu\UI\OsuPlayfield.cs(87,33): error ENDOFLINE: Fix end of line marker. Replace 1 characters with '\r\n'. [D:\Off Limits Tools\Kumori\third_party\osu\osu.Game.Rulesets.Osu\osu.Game.Rulesets.Osu.csproj]
D:\Off Limits Tools\Kumori\third_party\osu\osu.Game.Rulesets.Osu\UI\OsuPlayfield.cs(88,30): error ENDOFLINE: Fix end of line marker. Replace 1 characters with '\r\n'. [D:\Off Limits Tools\Kumori\third_party\osu\osu.Game.Rulesets.Osu\osu.Game.Rulesets.Osu.csproj]
D:\Off Limits Tools\Kumori\third_party\osu\osu.Game.Rulesets.Osu\UI\OsuPlayfield.cs(89,31): error ENDOFLINE: Fix end of line marker. Replace 1 characters with '\r\n'. [D:\Off Limits Tools\Kumori\third_party\osu\osu.Game.Rulesets.Osu\osu.Game.Rulesets.Osu.csproj]
D:\Off Limits Tools\Kumori\third_party\osu\osu.Game.Rulesets.Osu\UI\OsuPlayfield.cs(90,32): error ENDOFLINE: Fix end of line marker. Replace 1 characters with '\r\n'. [D:\Off Limits Tools\Kumori\third_party\osu\osu.Game.Rulesets.Osu\osu.Game.Rulesets.Osu.csproj]
D:\Off Limits Tools\Kumori\third_party\osu\osu.Game.Rulesets.Osu\UI\OsuPlayfield.cs(91,40): error ENDOFLINE: Fix end of line marker. Replace 1 characters with '\r\n'. [D:\Off Limits Tools\Kumori\third_party\osu\osu.Game.Rulesets.Osu\osu.Game.Rulesets.Osu.csproj]
D:\Off Limits Tools\Kumori\third_party\osu\osu.Game.Rulesets.Osu\UI\OsuPlayfield.cs(92,41): error ENDOFLINE: Fix end of line marker. Replace 1 characters with '\r\n'. [D:\Off Limits Tools\Kumori\third_party\osu\osu.Game.Rulesets.Osu\osu.Game.Rulesets.Osu.csproj]
D:\Off Limits Tools\Kumori\third_party\osu\osu.Game.Rulesets.Osu\UI\OsuPlayfield.cs(93,41): error ENDOFLINE: Fix end of line marker. Replace 1 characters with '\r\n'. [D:\Off Limits Tools\Kumori\third_party\osu\osu.Game.Rulesets.Osu\osu.Game.Rulesets.Osu.csproj]
D:\Off Limits Tools\Kumori\third_party\osu\osu.Game.Rulesets.Osu\UI\OsuPlayfield.cs(94,38): error ENDOFLINE: Fix end of line marker. Replace 1 characters with '\r\n'. [D:\Off Limits Tools\Kumori\third_party\osu\osu.Game.Rulesets.Osu\osu.Game.Rulesets.Osu.csproj]
D:\Off Limits Tools\Kumori\third_party\osu\osu.Game.Rulesets.Osu\UI\OsuPlayfield.cs(95,36): error ENDOFLINE: Fix end of line marker. Replace 1 characters with '\r\n'. [D:\Off Limits Tools\Kumori\third_party\osu\osu.Game.Rulesets.Osu\osu.Game.Rulesets.Osu.csproj]
D:\Off Limits Tools\Kumori\third_party\osu\osu.Game.Rulesets.Osu\UI\OsuPlayfield.cs(96,1): error ENDOFLINE: Fix end of line marker. Replace 1 characters with '\r\n'. [D:\Off Limits Tools\Kumori\third_party\osu\osu.Game.Rulesets.Osu\osu.Game.Rulesets.Osu.csproj]
D:\Off Limits Tools\Kumori\third_party\osu\osu.Game.Rulesets.Osu\UI\OsuPlayfield.cs(97,38): error ENDOFLINE: Fix end of line marker. Replace 1 characters with '\r\n'. [D:\Off Limits Tools\Kumori\third_party\osu\osu.Game.Rulesets.Osu\osu.Game.Rulesets.Osu.csproj]
D:\Off Limits Tools\Kumori\third_party\osu\osu.Game.Rulesets.Osu\UI\OsuPlayfield.cs(98,10): error ENDOFLINE: Fix end of line marker. Replace 1 characters with '\r\n'. [D:\Off Limits Tools\Kumori\third_party\osu\osu.Game.Rulesets.Osu\osu.Game.Rulesets.Osu.csproj]
D:\Off Limits Tools\Kumori\third_party\osu\osu.Game.Rulesets.Osu\UI\OsuPlayfield.cs(99,1): error ENDOFLINE: Fix end of line marker. Replace 1 characters with '\r\n'. [D:\Off Limits Tools\Kumori\third_party\osu\osu.Game.Rulesets.Osu\osu.Game.Rulesets.Osu.csproj]
D:\Off Limits Tools\Kumori\third_party\osu\osu.Game.Rulesets.Osu\UI\OsuPlayfield.cs(100,38): error ENDOFLINE: Fix end of line marker. Replace 1 characters with '\r\n'. [D:\Off Limits Tools\Kumori\third_party\osu\osu.Game.Rulesets.Osu\osu.Game.Rulesets.Osu.csproj]
D:\Off Limits Tools\Kumori\third_party\osu\osu.Game.Rulesets.Osu\UI\OsuPlayfield.cs(101,1): error ENDOFLINE: Fix end of line marker. Replace 1 characters with '\r\n'. [D:\Off Limits Tools\Kumori\third_party\osu\osu.Game.Rulesets.Osu\osu.Game.Rulesets.Osu.csproj]
D:\Off Limits Tools\Kumori\third_party\osu\osu.Game.Rulesets.Osu\UI\OsuPlayfield.cs(102,36): error ENDOFLINE: Fix end of line marker. Replace 1 characters with '\r\n'. [D:\Off Limits Tools\Kumori\third_party\osu\osu.Game.Rulesets.Osu\osu.Game.Rulesets.Osu.csproj]
D:\Off Limits Tools\Kumori\third_party\osu\osu.Game.Rulesets.Osu\UI\OsuPlayfield.cs(103,10): error ENDOFLINE: Fix end of line marker. Replace 1 characters with '\r\n'. [D:\Off Limits Tools\Kumori\third_party\osu\osu.Game.Rulesets.Osu\osu.Game.Rulesets.Osu.csproj]
D:\Off Limits Tools\Kumori\third_party\osu\osu.Game.Rulesets.Osu\UI\OsuPlayfield.cs(104,30): error ENDOFLINE: Fix end of line marker. Replace 1 characters with '\r\n'. [D:\Off Limits Tools\Kumori\third_party\osu\osu.Game.Rulesets.Osu\osu.Game.Rulesets.Osu.csproj]
D:\Off Limits Tools\Kumori\third_party\osu\osu.Game.Rulesets.Osu\UI\OsuPlayfield.cs(105,47): error ENDOFLINE: Fix end of line marker. Replace 1 characters with '\r\n'. [D:\Off Limits Tools\Kumori\third_party\osu\osu.Game.Rulesets.Osu\osu.Game.Rulesets.Osu.csproj]
D:\Off Limits Tools\Kumori\third_party\osu\osu.Game.Rulesets.Osu\UI\OsuPlayfield.cs(106,16): error ENDOFLINE: Fix end of line marker. Replace 1 characters with '\r\n'. [D:\Off Limits Tools\Kumori\third_party\osu\osu.Game.Rulesets.Osu\osu.Game.Rulesets.Osu.csproj]
D:\Off Limits Tools\Kumori\third_party\osu\osu.Game.Rulesets.Osu\UI\OsuPlayfield.cs(107,14): error ENDOFLINE: Fix end of line marker. Replace 1 characters with '\r\n'. [D:\Off Limits Tools\Kumori\third_party\osu\osu.Game.Rulesets.Osu\osu.Game.Rulesets.Osu.csproj]
D:\Off Limits Tools\Kumori\third_party\osu\osu.Game.Rulesets.Osu\UI\OsuPlayfield.cs(108,85): error ENDOFLINE: Fix end of line marker. Replace 1 characters with '\r\n'. [D:\Off Limits Tools\Kumori\third_party\osu\osu.Game.Rulesets.Osu\osu.Game.Rulesets.Osu.csproj]
D:\Off Limits Tools\Kumori\third_party\osu\osu.Game.Rulesets.Osu\UI\OsuPlayfield.cs(109,67): error ENDOFLINE: Fix end of line marker. Replace 1 characters with '\r\n'. [D:\Off Limits Tools\Kumori\third_party\osu\osu.Game.Rulesets.Osu\osu.Game.Rulesets.Osu.csproj]
D:\Off Limits Tools\Kumori\third_party\osu\osu.Game.Rulesets.Osu\UI\OsuPlayfield.cs(110,14): error ENDOFLINE: Fix end of line marker. Replace 1 characters with '\r\n'. [D:\Off Limits Tools\Kumori\third_party\osu\osu.Game.Rulesets.Osu\osu.Game.Rulesets.Osu.csproj]
D:\Off Limits Tools\Kumori\third_party\osu\osu.Game.Rulesets.Osu\UI\OsuPlayfield.cs(111,10): error ENDOFLINE: Fix end of line marker. Replace 1 characters with '\r\n'. [D:\Off Limits Tools\Kumori\third_party\osu\osu.Game.Rulesets.Osu\osu.Game.Rulesets.Osu.csproj]
D:\Off Limits Tools\Kumori\third_party\osu\osu.Game.Rulesets.Osu\UI\OsuPlayfield.cs(112,1): error ENDOFLINE: Fix end of line marker. Replace 1 characters with '\r\n'. [D:\Off Limits Tools\Kumori\third_party\osu\osu.Game.Rulesets.Osu\osu.Game.Rulesets.Osu.csproj]
D:\Off Limits Tools\Kumori\third_party\osu\osu.Game.Rulesets.Osu\UI\OsuPlayfield.cs(113,83): error ENDOFLINE: Fix end of line marker. Replace 1 characters with '\r\n'. [D:\Off Limits Tools\Kumori\third_party\osu\osu.Game.Rulesets.Osu\osu.Game.Rulesets.Osu.csproj]
D:\Off Limits Tools\Kumori\third_party\osu\osu.Game.Rulesets.Osu\UI\OsuPlayfield.cs(114,10): error ENDOFLINE: Fix end of line marker. Replace 1 characters with '\r\n'. [D:\Off Limits Tools\Kumori\third_party\osu\osu.Game.Rulesets.Osu\osu.Game.Rulesets.Osu.csproj]
D:\Off Limits Tools\Kumori\third_party\osu\osu.Game.Rulesets.Osu\UI\OsuPlayfield.cs(115,86): error ENDOFLINE: Fix end of line marker. Replace 1 characters with '\r\n'. [D:\Off Limits Tools\Kumori\third_party\osu\osu.Game.Rulesets.Osu\osu.Game.Rulesets.Osu.csproj]
D:\Off Limits Tools\Kumori\third_party\osu\osu.Game.Rulesets.Osu\UI\OsuPlayfield.cs(116,1): error ENDOFLINE: Fix end of line marker. Replace 1 characters with '\r\n'. [D:\Off Limits Tools\Kumori\third_party\osu\osu.Game.Rulesets.Osu\osu.Game.Rulesets.Osu.csproj]
D:\Off Limits Tools\Kumori\third_party\osu\osu.Game.Rulesets.Osu\UI\OsuPlayfield.cs(117,128): error ENDOFLINE: Fix end of line marker. Replace 1 characters with '\r\n'. [D:\Off Limits Tools\Kumori\third_party\osu\osu.Game.Rulesets.Osu\osu.Game.Rulesets.Osu.csproj]
D:\Off Limits Tools\Kumori\third_party\osu\osu.Game.Rulesets.Osu\UI\OsuPlayfield.cs(118,66): error ENDOFLINE: Fix end of line marker. Replace 1 characters with '\r\n'. [D:\Off Limits Tools\Kumori\third_party\osu\osu.Game.Rulesets.Osu\osu.Game.Rulesets.Osu.csproj]
D:\Off Limits Tools\Kumori\third_party\osu\osu.Game.Rulesets.Osu\UI\OsuPlayfield.cs(119,10): error ENDOFLINE: Fix end of line marker. Replace 1 characters with '\r\n'. [D:\Off Limits Tools\Kumori\third_party\osu\osu.Game.Rulesets.Osu\osu.Game.Rulesets.Osu.csproj]
D:\Off Limits Tools\Kumori\third_party\osu\osu.Game.Rulesets.Osu\UI\OsuPlayfield.cs(120,1): error ENDOFLINE: Fix end of line marker. Replace 1 characters with '\r\n'. [D:\Off Limits Tools\Kumori\third_party\osu\osu.Game.Rulesets.Osu\osu.Game.Rulesets.Osu.csproj]
D:\Off Limits Tools\Kumori\third_party\osu\osu.Game.Rulesets.Osu\UI\OsuPlayfield.cs(121,66): error ENDOFLINE: Fix end of line marker. Replace 1 characters with '\r\n'. [D:\Off Limits Tools\Kumori\third_party\osu\osu.Game.Rulesets.Osu\osu.Game.Rulesets.Osu.csproj]
D:\Off Limits Tools\Kumori\third_party\osu\osu.Game.Rulesets.Osu\UI\OsuPlayfield.cs(122,10): error ENDOFLINE: Fix end of line marker. Replace 1 characters with '\r\n'. [D:\Off Limits Tools\Kumori\third_party\osu\osu.Game.Rulesets.Osu\osu.Game.Rulesets.Osu.csproj]
D:\Off Limits Tools\Kumori\third_party\osu\osu.Game.Rulesets.Osu\UI\OsuPlayfield.cs(123,103): error ENDOFLINE: Fix end of line marker. Replace 1 characters with '\r\n'. [D:\Off Limits Tools\Kumori\third_party\osu\osu.Game.Rulesets.Osu\osu.Game.Rulesets.Osu.csproj]
D:\Off Limits Tools\Kumori\third_party\osu\osu.Game.Rulesets.Osu\UI\OsuPlayfield.cs(124,30): error ENDOFLINE: Fix end of line marker. Replace 1 characters with '\r\n'. [D:\Off Limits Tools\Kumori\third_party\osu\osu.Game.Rulesets.Osu\osu.Game.Rulesets.Osu.csproj]
D:\Off Limits Tools\Kumori\third_party\osu\osu.Game.Rulesets.Osu\UI\OsuPlayfield.cs(125,14): error ENDOFLINE: Fix end of line marker. Replace 1 characters with '\r\n'. [D:\Off Limits Tools\Kumori\third_party\osu\osu.Game.Rulesets.Osu\osu.Game.Rulesets.Osu.csproj]
D:\Off Limits Tools\Kumori\third_party\osu\osu.Game.Rulesets.Osu\UI\OsuPlayfield.cs(126,38): error ENDOFLINE: Fix end of line marker. Replace 1 characters with '\r\n'. [D:\Off Limits Tools\Kumori\third_party\osu\osu.Game.Rulesets.Osu\osu.Game.Rulesets.Osu.csproj]
D:\Off Limits Tools\Kumori\third_party\osu\osu.Game.Rulesets.Osu\UI\OsuPlayfield.cs(127,64): error ENDOFLINE: Fix end of line marker. Replace 1 characters with '\r\n'. [D:\Off Limits Tools\Kumori\third_party\osu\osu.Game.Rulesets.Osu\osu.Game.Rulesets.Osu.csproj]
D:\Off Limits Tools\Kumori\third_party\osu\osu.Game.Rulesets.Osu\UI\OsuPlayfield.cs(128,27): error ENDOFLINE: Fix end of line marker. Replace 1 characters with '\r\n'. [D:\Off Limits Tools\Kumori\third_party\osu\osu.Game.Rulesets.Osu\osu.Game.Rulesets.Osu.csproj]
D:\Off Limits Tools\Kumori\third_party\osu\osu.Game.Rulesets.Osu\UI\OsuPlayfield.cs(129,1): error ENDOFLINE: Fix end of line marker. Replace 1 characters with '\r\n'. [D:\Off Limits Tools\Kumori\third_party\osu\osu.Game.Rulesets.Osu\osu.Game.Rulesets.Osu.csproj]
D:\Off Limits Tools\Kumori\third_party\osu\osu.Game.Rulesets.Osu\UI\OsuPlayfield.cs(130,50): error ENDOFLINE: Fix end of line marker. Replace 1 characters with '\r\n'. [D:\Off Limits Tools\Kumori\third_party\osu\osu.Game.Rulesets.Osu\osu.Game.Rulesets.Osu.csproj]
D:\Off Limits Tools\Kumori\third_party\osu\osu.Game.Rulesets.Osu\UI\OsuPlayfield.cs(131,79): error ENDOFLINE: Fix end of line marker. Replace 1 characters with '\r\n'. [D:\Off Limits Tools\Kumori\third_party\osu\osu.Game.Rulesets.Osu\osu.Game.Rulesets.Osu.csproj]
D:\Off Limits Tools\Kumori\third_party\osu\osu.Game.Rulesets.Osu\UI\OsuPlayfield.cs(132,27): error ENDOFLINE: Fix end of line marker. Replace 1 characters with '\r\n'. [D:\Off Limits Tools\Kumori\third_party\osu\osu.Game.Rulesets.Osu\osu.Game.Rulesets.Osu.csproj]
D:\Off Limits Tools\Kumori\third_party\osu\osu.Game.Rulesets.Osu\UI\OsuPlayfield.cs(133,14): error ENDOFLINE: Fix end of line marker. Replace 1 characters with '\r\n'. [D:\Off Limits Tools\Kumori\third_party\osu\osu.Game.Rulesets.Osu\osu.Game.Rulesets.Osu.csproj]
D:\Off Limits Tools\Kumori\third_party\osu\osu.Game.Rulesets.Osu\UI\OsuPlayfield.cs(134,10): error ENDOFLINE: Fix end of line marker. Replace 1 characters with '\r\n'. [D:\Off Limits Tools\Kumori\third_party\osu\osu.Game.Rulesets.Osu\osu.Game.Rulesets.Osu.csproj]
D:\Off Limits Tools\Kumori\third_party\osu\osu.Game.Rulesets.Osu\UI\OsuPlayfield.cs(135,1): error ENDOFLINE: Fix end of line marker. Replace 1 characters with '\r\n'. [D:\Off Limits Tools\Kumori\third_party\osu\osu.Game.Rulesets.Osu\osu.Game.Rulesets.Osu.csproj]
D:\Off Limits Tools\Kumori\third_party\osu\osu.Game.Rulesets.Osu\UI\OsuPlayfield.cs(136,71): error ENDOFLINE: Fix end of line marker. Replace 1 characters with '\r\n'. [D:\Off Limits Tools\Kumori\third_party\osu\osu.Game.Rulesets.Osu\osu.Game.Rulesets.Osu.csproj]
D:\Off Limits Tools\Kumori\third_party\osu\osu.Game.Rulesets.Osu\UI\OsuPlayfield.cs(137,10): error ENDOFLINE: Fix end of line marker. Replace 1 characters with '\r\n'. [D:\Off Limits Tools\Kumori\third_party\osu\osu.Game.Rulesets.Osu\osu.Game.Rulesets.Osu.csproj]
D:\Off Limits Tools\Kumori\third_party\osu\osu.Game.Rulesets.Osu\UI\OsuPlayfield.cs(138,87): error ENDOFLINE: Fix end of line marker. Replace 1 characters with '\r\n'. [D:\Off Limits Tools\Kumori\third_party\osu\osu.Game.Rulesets.Osu\osu.Game.Rulesets.Osu.csproj]
D:\Off Limits Tools\Kumori\third_party\osu\osu.Game.Rulesets.Osu\UI\OsuPlayfield.cs(139,10): error ENDOFLINE: Fix end of line marker. Replace 1 characters with '\r\n'. [D:\Off Limits Tools\Kumori\third_party\osu\osu.Game.Rulesets.Osu\osu.Game.Rulesets.Osu.csproj]
D:\Off Limits Tools\Kumori\third_party\osu\osu.Game.Rulesets.Osu\UI\OsuPlayfield.cs(140,1): error ENDOFLINE: Fix end of line marker. Replace 1 characters with '\r\n'. [D:\Off Limits Tools\Kumori\third_party\osu\osu.Game.Rulesets.Osu\osu.Game.Rulesets.Osu.csproj]
D:\Off Limits Tools\Kumori\third_party\osu\osu.Game.Rulesets.Osu\UI\OsuPlayfield.cs(141,22): error ENDOFLINE: Fix end of line marker. Replace 1 characters with '\r\n'. [D:\Off Limits Tools\Kumori\third_party\osu\osu.Game.Rulesets.Osu\osu.Game.Rulesets.Osu.csproj]
D:\Off Limits Tools\Kumori\third_party\osu\osu.Game.Rulesets.Osu\UI\OsuPlayfield.cs(142,77): error ENDOFLINE: Fix end of line marker. Replace 1 characters with '\r\n'. [D:\Off Limits Tools\Kumori\third_party\osu\osu.Game.Rulesets.Osu\osu.Game.Rulesets.Osu.csproj]
D:\Off Limits Tools\Kumori\third_party\osu\osu.Game.Rulesets.Osu\UI\OsuPlayfield.cs(143,59): error ENDOFLINE: Fix end of line marker. Replace 1 characters with '\r\n'. [D:\Off Limits Tools\Kumori\third_party\osu\osu.Game.Rulesets.Osu\osu.Game.Rulesets.Osu.csproj]
D:\Off Limits Tools\Kumori\third_party\osu\osu.Game.Rulesets.Osu\UI\OsuPlayfield.cs(144,23): error ENDOFLINE: Fix end of line marker. Replace 1 characters with '\r\n'. [D:\Off Limits Tools\Kumori\third_party\osu\osu.Game.Rulesets.Osu\osu.Game.Rulesets.Osu.csproj]
D:\Off Limits Tools\Kumori\third_party\osu\osu.Game.Rulesets.Osu\UI\OsuPlayfield.cs(145,94): error ENDOFLINE: Fix end of line marker. Replace 1 characters with '\r\n'. [D:\Off Limits Tools\Kumori\third_party\osu\osu.Game.Rulesets.Osu\osu.Game.Rulesets.Osu.csproj]
D:\Off Limits Tools\Kumori\third_party\osu\osu.Game.Rulesets.Osu\UI\OsuPlayfield.cs(146,10): error ENDOFLINE: Fix end of line marker. Replace 1 characters with '\r\n'. [D:\Off Limits Tools\Kumori\third_party\osu\osu.Game.Rulesets.Osu\osu.Game.Rulesets.Osu.csproj]
D:\Off Limits Tools\Kumori\third_party\osu\osu.Game.Rulesets.Osu\UI\OsuPlayfield.cs(147,43): error ENDOFLINE: Fix end of line marker. Replace 1 characters with '\r\n'. [D:\Off Limits Tools\Kumori\third_party\osu\osu.Game.Rulesets.Osu\osu.Game.Rulesets.Osu.csproj]
D:\Off Limits Tools\Kumori\third_party\osu\osu.Game.Rulesets.Osu\UI\OsuPlayfield.cs(148,36): error ENDOFLINE: Fix end of line marker. Replace 1 characters with '\r\n'. [D:\Off Limits Tools\Kumori\third_party\osu\osu.Game.Rulesets.Osu\osu.Game.Rulesets.Osu.csproj]
D:\Off Limits Tools\Kumori\third_party\osu\osu.Game.Rulesets.Osu\UI\OsuPlayfield.cs(149,24): error ENDOFLINE: Fix end of line marker. Replace 1 characters with '\r\n'. [D:\Off Limits Tools\Kumori\third_party\osu\osu.Game.Rulesets.Osu\osu.Game.Rulesets.Osu.csproj]
D:\Off Limits Tools\Kumori\third_party\osu\osu.Game.Rulesets.Osu\UI\OsuPlayfield.cs(150,1): error ENDOFLINE: Fix end of line marker. Replace 1 characters with '\r\n'. [D:\Off Limits Tools\Kumori\third_party\osu\osu.Game.Rulesets.Osu\osu.Game.Rulesets.Osu.csproj]
D:\Off Limits Tools\Kumori\third_party\osu\osu.Game.Rulesets.Osu\UI\OsuPlayfield.cs(151,57): error ENDOFLINE: Fix end of line marker. Replace 1 characters with '\r\n'. [D:\Off Limits Tools\Kumori\third_party\osu\osu.Game.Rulesets.Osu\osu.Game.Rulesets.Osu.csproj]
D:\Off Limits Tools\Kumori\third_party\osu\osu.Game.Rulesets.Osu\UI\OsuPlayfield.cs(152,1): error ENDOFLINE: Fix end of line marker. Replace 1 characters with '\r\n'. [D:\Off Limits Tools\Kumori\third_party\osu\osu.Game.Rulesets.Osu\osu.Game.Rulesets.Osu.csproj]
D:\Off Limits Tools\Kumori\third_party\osu\osu.Game.Rulesets.Osu\UI\OsuPlayfield.cs(153,39): error ENDOFLINE: Fix end of line marker. Replace 1 characters with '\r\n'. [D:\Off Limits Tools\Kumori\third_party\osu\osu.Game.Rulesets.Osu\osu.Game.Rulesets.Osu.csproj]
D:\Off Limits Tools\Kumori\third_party\osu\osu.Game.Rulesets.Osu\UI\OsuPlayfield.cs(154,80): error ENDOFLINE: Fix end of line marker. Replace 1 characters with '\r\n'. [D:\Off Limits Tools\Kumori\third_party\osu\osu.Game.Rulesets.Osu\osu.Game.Rulesets.Osu.csproj]
D:\Off Limits Tools\Kumori\third_party\osu\osu.Game.Rulesets.Osu\UI\OsuPlayfield.cs(155,64): error ENDOFLINE: Fix end of line marker. Replace 1 characters with '\r\n'. [D:\Off Limits Tools\Kumori\third_party\osu\osu.Game.Rulesets.Osu\osu.Game.Rulesets.Osu.csproj]
D:\Off Limits Tools\Kumori\third_party\osu\osu.Game.Rulesets.Osu\UI\OsuPlayfield.cs(156,14): error ENDOFLINE: Fix end of line marker. Replace 1 characters with '\r\n'. [D:\Off Limits Tools\Kumori\third_party\osu\osu.Game.Rulesets.Osu\osu.Game.Rulesets.Osu.csproj]
D:\Off Limits Tools\Kumori\third_party\osu\osu.Game.Rulesets.Osu\UI\OsuPlayfield.cs(157,46): error ENDOFLINE: Fix end of line marker. Replace 1 characters with '\r\n'. [D:\Off Limits Tools\Kumori\third_party\osu\osu.Game.Rulesets.Osu\osu.Game.Rulesets.Osu.csproj]
D:\Off Limits Tools\Kumori\third_party\osu\osu.Game.Rulesets.Osu\UI\OsuPlayfield.cs(158,18): error ENDOFLINE: Fix end of line marker. Replace 1 characters with '\r\n'. [D:\Off Limits Tools\Kumori\third_party\osu\osu.Game.Rulesets.Osu\osu.Game.Rulesets.Osu.csproj]
D:\Off Limits Tools\Kumori\third_party\osu\osu.Game.Rulesets.Osu\UI\OsuPlayfield.cs(159,38): error ENDOFLINE: Fix end of line marker. Replace 1 characters with '\r\n'. [D:\Off Limits Tools\Kumori\third_party\osu\osu.Game.Rulesets.Osu\osu.Game.Rulesets.Osu.csproj]
D:\Off Limits Tools\Kumori\third_party\osu\osu.Game.Rulesets.Osu\UI\OsuPlayfield.cs(160,87): error ENDOFLINE: Fix end of line marker. Replace 1 characters with '\r\n'. [D:\Off Limits Tools\Kumori\third_party\osu\osu.Game.Rulesets.Osu\osu.Game.Rulesets.Osu.csproj]
D:\Off Limits Tools\Kumori\third_party\osu\osu.Game.Rulesets.Osu\UI\OsuPlayfield.cs(161,19): error ENDOFLINE: Fix end of line marker. Replace 1 characters with '\r\n'. [D:\Off Limits Tools\Kumori\third_party\osu\osu.Game.Rulesets.Osu\osu.Game.Rulesets.Osu.csproj]
D:\Off Limits Tools\Kumori\third_party\osu\osu.Game.Rulesets.Osu\UI\OsuPlayfield.cs(162,81): error ENDOFLINE: Fix end of line marker. Replace 1 characters with '\r\n'. [D:\Off Limits Tools\Kumori\third_party\osu\osu.Game.Rulesets.Osu\osu.Game.Rulesets.Osu.csproj]
D:\Off Limits Tools\Kumori\third_party\osu\osu.Game.Rulesets.Osu\UI\OsuPlayfield.cs(163,18): error ENDOFLINE: Fix end of line marker. Replace 1 characters with '\r\n'. [D:\Off Limits Tools\Kumori\third_party\osu\osu.Game.Rulesets.Osu\osu.Game.Rulesets.Osu.csproj]
D:\Off Limits Tools\Kumori\third_party\osu\osu.Game.Rulesets.Osu\UI\OsuPlayfield.cs(164,41): error ENDOFLINE: Fix end of line marker. Replace 1 characters with '\r\n'. [D:\Off Limits Tools\Kumori\third_party\osu\osu.Game.Rulesets.Osu\osu.Game.Rulesets.Osu.csproj]
D:\Off Limits Tools\Kumori\third_party\osu\osu.Game.Rulesets.Osu\UI\OsuPlayfield.cs(165,71): error ENDOFLINE: Fix end of line marker. Replace 1 characters with '\r\n'. [D:\Off Limits Tools\Kumori\third_party\osu\osu.Game.Rulesets.Osu\osu.Game.Rulesets.Osu.csproj]
D:\Off Limits Tools\Kumori\third_party\osu\osu.Game.Rulesets.Osu\UI\OsuPlayfield.cs(166,37): error ENDOFLINE: Fix end of line marker. Replace 1 characters with '\r\n'. [D:\Off Limits Tools\Kumori\third_party\osu\osu.Game.Rulesets.Osu\osu.Game.Rulesets.Osu.csproj]
D:\Off Limits Tools\Kumori\third_party\osu\osu.Game.Rulesets.Osu\UI\OsuPlayfield.cs(167,78): error ENDOFLINE: Fix end of line marker. Replace 1 characters with '\r\n'. [D:\Off Limits Tools\Kumori\third_party\osu\osu.Game.Rulesets.Osu\osu.Game.Rulesets.Osu.csproj]
D:\Off Limits Tools\Kumori\third_party\osu\osu.Game.Rulesets.Osu\UI\OsuPlayfield.cs(168,26): error ENDOFLINE: Fix end of line marker. Replace 1 characters with '\r\n'. [D:\Off Limits Tools\Kumori\third_party\osu\osu.Game.Rulesets.Osu\osu.Game.Rulesets.Osu.csproj]
D:\Off Limits Tools\Kumori\third_party\osu\osu.Game.Rulesets.Osu\UI\OsuPlayfield.cs(169,51): error ENDOFLINE: Fix end of line marker. Replace 1 characters with '\r\n'. [D:\Off Limits Tools\Kumori\third_party\osu\osu.Game.Rulesets.Osu\osu.Game.Rulesets.Osu.csproj]
D:\Off Limits Tools\Kumori\third_party\osu\osu.Game.Rulesets.Osu\UI\OsuPlayfield.cs(170,27): error ENDOFLINE: Fix end of line marker. Replace 1 characters with '\r\n'. [D:\Off Limits Tools\Kumori\third_party\osu\osu.Game.Rulesets.Osu\osu.Game.Rulesets.Osu.csproj]
D:\Off Limits Tools\Kumori\third_party\osu\osu.Game.Rulesets.Osu\UI\OsuPlayfield.cs(171,31): error ENDOFLINE: Fix end of line marker. Replace 1 characters with '\r\n'. [D:\Off Limits Tools\Kumori\third_party\osu\osu.Game.Rulesets.Osu\osu.Game.Rulesets.Osu.csproj]
D:\Off Limits Tools\Kumori\third_party\osu\osu.Game.Rulesets.Osu\UI\OsuPlayfield.cs(172,55): error ENDOFLINE: Fix end of line marker. Replace 1 characters with '\r\n'. [D:\Off Limits Tools\Kumori\third_party\osu\osu.Game.Rulesets.Osu\osu.Game.Rulesets.Osu.csproj]
D:\Off Limits Tools\Kumori\third_party\osu\osu.Game.Rulesets.Osu\UI\OsuPlayfield.cs(173,54): error ENDOFLINE: Fix end of line marker. Replace 1 characters with '\r\n'. [D:\Off Limits Tools\Kumori\third_party\osu\osu.Game.Rulesets.Osu\osu.Game.Rulesets.Osu.csproj]
D:\Off Limits Tools\Kumori\third_party\osu\osu.Game.Rulesets.Osu\UI\OsuPlayfield.cs(174,61): error ENDOFLINE: Fix end of line marker. Replace 1 characters with '\r\n'. [D:\Off Limits Tools\Kumori\third_party\osu\osu.Game.Rulesets.Osu\osu.Game.Rulesets.Osu.csproj]
D:\Off Limits Tools\Kumori\third_party\osu\osu.Game.Rulesets.Osu\UI\OsuPlayfield.cs(175,20): error ENDOFLINE: Fix end of line marker. Replace 1 characters with '\r\n'. [D:\Off Limits Tools\Kumori\third_party\osu\osu.Game.Rulesets.Osu\osu.Game.Rulesets.Osu.csproj]
D:\Off Limits Tools\Kumori\third_party\osu\osu.Game.Rulesets.Osu\UI\OsuPlayfield.cs(176,39): error ENDOFLINE: Fix end of line marker. Replace 1 characters with '\r\n'. [D:\Off Limits Tools\Kumori\third_party\osu\osu.Game.Rulesets.Osu\osu.Game.Rulesets.Osu.csproj]
D:\Off Limits Tools\Kumori\third_party\osu\osu.Game.Rulesets.Osu\UI\OsuPlayfield.cs(177,18): error ENDOFLINE: Fix end of line marker. Replace 1 characters with '\r\n'. [D:\Off Limits Tools\Kumori\third_party\osu\osu.Game.Rulesets.Osu\osu.Game.Rulesets.Osu.csproj]
D:\Off Limits Tools\Kumori\third_party\osu\osu.Game.Rulesets.Osu\UI\OsuPlayfield.cs(178,63): error ENDOFLINE: Fix end of line marker. Replace 1 characters with '\r\n'. [D:\Off Limits Tools\Kumori\third_party\osu\osu.Game.Rulesets.Osu\osu.Game.Rulesets.Osu.csproj]
D:\Off Limits Tools\Kumori\third_party\osu\osu.Game.Rulesets.Osu\UI\OsuPlayfield.cs(179,79): error ENDOFLINE: Fix end of line marker. Replace 1 characters with '\r\n'. [D:\Off Limits Tools\Kumori\third_party\osu\osu.Game.Rulesets.Osu\osu.Game.Rulesets.Osu.csproj]
D:\Off Limits Tools\Kumori\third_party\osu\osu.Game.Rulesets.Osu\UI\OsuPlayfield.cs(180,80): error ENDOFLINE: Fix end of line marker. Replace 1 characters with '\r\n'. [D:\Off Limits Tools\Kumori\third_party\osu\osu.Game.Rulesets.Osu\osu.Game.Rulesets.Osu.csproj]
D:\Off Limits Tools\Kumori\third_party\osu\osu.Game.Rulesets.Osu\UI\OsuPlayfield.cs(181,79): error ENDOFLINE: Fix end of line marker. Replace 1 characters with '\r\n'. [D:\Off Limits Tools\Kumori\third_party\osu\osu.Game.Rulesets.Osu\osu.Game.Rulesets.Osu.csproj]
D:\Off Limits Tools\Kumori\third_party\osu\osu.Game.Rulesets.Osu\UI\OsuPlayfield.cs(182,80): error ENDOFLINE: Fix end of line marker. Replace 1 characters with '\r\n'. [D:\Off Limits Tools\Kumori\third_party\osu\osu.Game.Rulesets.Osu\osu.Game.Rulesets.Osu.csproj]
D:\Off Limits Tools\Kumori\third_party\osu\osu.Game.Rulesets.Osu\UI\OsuPlayfield.cs(183,49): error ENDOFLINE: Fix end of line marker. Replace 1 characters with '\r\n'. [D:\Off Limits Tools\Kumori\third_party\osu\osu.Game.Rulesets.Osu\osu.Game.Rulesets.Osu.csproj]
D:\Off Limits Tools\Kumori\third_party\osu\osu.Game.Rulesets.Osu\UI\OsuPlayfield.cs(184,63): error ENDOFLINE: Fix end of line marker. Replace 1 characters with '\r\n'. [D:\Off Limits Tools\Kumori\third_party\osu\osu.Game.Rulesets.Osu\osu.Game.Rulesets.Osu.csproj]
D:\Off Limits Tools\Kumori\third_party\osu\osu.Game.Rulesets.Osu\UI\OsuPlayfield.cs(185,31): error ENDOFLINE: Fix end of line marker. Replace 1 characters with '\r\n'. [D:\Off Limits Tools\Kumori\third_party\osu\osu.Game.Rulesets.Osu\osu.Game.Rulesets.Osu.csproj]
D:\Off Limits Tools\Kumori\third_party\osu\osu.Game.Rulesets.Osu\UI\OsuPlayfield.cs(186,63): error ENDOFLINE: Fix end of line marker. Replace 1 characters with '\r\n'. [D:\Off Limits Tools\Kumori\third_party\osu\osu.Game.Rulesets.Osu\osu.Game.Rulesets.Osu.csproj]
D:\Off Limits Tools\Kumori\third_party\osu\osu.Game.Rulesets.Osu\UI\OsuPlayfield.cs(187,61): error ENDOFLINE: Fix end of line marker. Replace 1 characters with '\r\n'. [D:\Off Limits Tools\Kumori\third_party\osu\osu.Game.Rulesets.Osu\osu.Game.Rulesets.Osu.csproj]
D:\Off Limits Tools\Kumori\third_party\osu\osu.Game.Rulesets.Osu\UI\OsuPlayfield.cs(188,41): error ENDOFLINE: Fix end of line marker. Replace 1 characters with '\r\n'. [D:\Off Limits Tools\Kumori\third_party\osu\osu.Game.Rulesets.Osu\osu.Game.Rulesets.Osu.csproj]
D:\Off Limits Tools\Kumori\third_party\osu\osu.Game.Rulesets.Osu\UI\OsuPlayfield.cs(189,71): error ENDOFLINE: Fix end of line marker. Replace 1 characters with '\r\n'. [D:\Off Limits Tools\Kumori\third_party\osu\osu.Game.Rulesets.Osu\osu.Game.Rulesets.Osu.csproj]
D:\Off Limits Tools\Kumori\third_party\osu\osu.Game.Rulesets.Osu\UI\OsuPlayfield.cs(190,18): error ENDOFLINE: Fix end of line marker. Replace 1 characters with '\r\n'. [D:\Off Limits Tools\Kumori\third_party\osu\osu.Game.Rulesets.Osu\osu.Game.Rulesets.Osu.csproj]
D:\Off Limits Tools\Kumori\third_party\osu\osu.Game.Rulesets.Osu\UI\OsuPlayfield.cs(191,14): error ENDOFLINE: Fix end of line marker. Replace 1 characters with '\r\n'. [D:\Off Limits Tools\Kumori\third_party\osu\osu.Game.Rulesets.Osu\osu.Game.Rulesets.Osu.csproj]
D:\Off Limits Tools\Kumori\third_party\osu\osu.Game.Rulesets.Osu\UI\OsuPlayfield.cs(192,10): error ENDOFLINE: Fix end of line marker. Replace 1 characters with '\r\n'. [D:\Off Limits Tools\Kumori\third_party\osu\osu.Game.Rulesets.Osu\osu.Game.Rulesets.Osu.csproj]
D:\Off Limits Tools\Kumori\third_party\osu\osu.Game.Rulesets.Osu\UI\OsuPlayfield.cs(193,1): error ENDOFLINE: Fix end of line marker. Replace 1 characters with '\r\n'. [D:\Off Limits Tools\Kumori\third_party\osu\osu.Game.Rulesets.Osu\osu.Game.Rulesets.Osu.csproj]
D:\Off Limits Tools\Kumori\third_party\osu\osu.Game.Rulesets.Osu\UI\OsuPlayfield.cs(194,22): error ENDOFLINE: Fix end of line marker. Replace 1 characters with '\r\n'. [D:\Off Limits Tools\Kumori\third_party\osu\osu.Game.Rulesets.Osu\osu.Game.Rulesets.Osu.csproj]
D:\Off Limits Tools\Kumori\third_party\osu\osu.Game.Rulesets.Osu\UI\OsuPlayfield.cs(195,77): error ENDOFLINE: Fix end of line marker. Replace 1 characters with '\r\n'. [D:\Off Limits Tools\Kumori\third_party\osu\osu.Game.Rulesets.Osu\osu.Game.Rulesets.Osu.csproj]
D:\Off Limits Tools\Kumori\third_party\osu\osu.Game.Rulesets.Osu\UI\OsuPlayfield.cs(196,57): error ENDOFLINE: Fix end of line marker. Replace 1 characters with '\r\n'. [D:\Off Limits Tools\Kumori\third_party\osu\osu.Game.Rulesets.Osu\osu.Game.Rulesets.Osu.csproj]
D:\Off Limits Tools\Kumori\third_party\osu\osu.Game.Rulesets.Osu\UI\OsuPlayfield.cs(197,23): error ENDOFLINE: Fix end of line marker. Replace 1 characters with '\r\n'. [D:\Off Limits Tools\Kumori\third_party\osu\osu.Game.Rulesets.Osu\osu.Game.Rulesets.Osu.csproj]
D:\Off Limits Tools\Kumori\third_party\osu\osu.Game.Rulesets.Osu\UI\OsuPlayfield.cs(198,50): error ENDOFLINE: Fix end of line marker. Replace 1 characters with '\r\n'. [D:\Off Limits Tools\Kumori\third_party\osu\osu.Game.Rulesets.Osu\osu.Game.Rulesets.Osu.csproj]
D:\Off Limits Tools\Kumori\third_party\osu\osu.Game.Rulesets.Osu\UI\OsuPlayfield.cs(199,10): error ENDOFLINE: Fix end of line marker. Replace 1 characters with '\r\n'. [D:\Off Limits Tools\Kumori\third_party\osu\osu.Game.Rulesets.Osu\osu.Game.Rulesets.Osu.csproj]
D:\Off Limits Tools\Kumori\third_party\osu\osu.Game.Rulesets.Osu\UI\OsuPlayfield.cs(200,52): error ENDOFLINE: Fix end of line marker. Replace 1 characters with '\r\n'. [D:\Off Limits Tools\Kumori\third_party\osu\osu.Game.Rulesets.Osu\osu.Game.Rulesets.Osu.csproj]
D:\Off Limits Tools\Kumori\third_party\osu\osu.Game.Rulesets.Osu\UI\OsuPlayfield.cs(201,76): error ENDOFLINE: Fix end of line marker. Replace 1 characters with '\r\n'. [D:\Off Limits Tools\Kumori\third_party\osu\osu.Game.Rulesets.Osu\osu.Game.Rulesets.Osu.csproj]
D:\Off Limits Tools\Kumori\third_party\osu\osu.Game.Rulesets.Osu\UI\OsuPlayfield.cs(202,14): error ENDOFLINE: Fix end of line marker. Replace 1 characters with '\r\n'. [D:\Off Limits Tools\Kumori\third_party\osu\osu.Game.Rulesets.Osu\osu.Game.Rulesets.Osu.csproj]
D:\Off Limits Tools\Kumori\third_party\osu\osu.Game.Rulesets.Osu\UI\OsuPlayfield.cs(203,72): error ENDOFLINE: Fix end of line marker. Replace 1 characters with '\r\n'. [D:\Off Limits Tools\Kumori\third_party\osu\osu.Game.Rulesets.Osu\osu.Game.Rulesets.Osu.csproj]
D:\Off Limits Tools\Kumori\third_party\osu\osu.Game.Rulesets.Osu\UI\OsuPlayfield.cs(204,79): error ENDOFLINE: Fix end of line marker. Replace 1 characters with '\r\n'. [D:\Off Limits Tools\Kumori\third_party\osu\osu.Game.Rulesets.Osu\osu.Game.Rulesets.Osu.csproj]
D:\Off Limits Tools\Kumori\third_party\osu\osu.Game.Rulesets.Osu\UI\OsuPlayfield.cs(205,80): error ENDOFLINE: Fix end of line marker. Replace 1 characters with '\r\n'. [D:\Off Limits Tools\Kumori\third_party\osu\osu.Game.Rulesets.Osu\osu.Game.Rulesets.Osu.csproj]
D:\Off Limits Tools\Kumori\third_party\osu\osu.Game.Rulesets.Osu\UI\OsuPlayfield.cs(206,69): error ENDOFLINE: Fix end of line marker. Replace 1 characters with '\r\n'. [D:\Off Limits Tools\Kumori\third_party\osu\osu.Game.Rulesets.Osu\osu.Game.Rulesets.Osu.csproj]
D:\Off Limits Tools\Kumori\third_party\osu\osu.Game.Rulesets.Osu\UI\OsuPlayfield.cs(207,37): error ENDOFLINE: Fix end of line marker. Replace 1 characters with '\r\n'. [D:\Off Limits Tools\Kumori\third_party\osu\osu.Game.Rulesets.Osu\osu.Game.Rulesets.Osu.csproj]
D:\Off Limits Tools\Kumori\third_party\osu\osu.Game.Rulesets.Osu\UI\OsuPlayfield.cs(208,67): error ENDOFLINE: Fix end of line marker. Replace 1 characters with '\r\n'. [D:\Off Limits Tools\Kumori\third_party\osu\osu.Game.Rulesets.Osu\osu.Game.Rulesets.Osu.csproj]
D:\Off Limits Tools\Kumori\third_party\osu\osu.Game.Rulesets.Osu\UI\OsuPlayfield.cs(209,36): error ENDOFLINE: Fix end of line marker. Replace 1 characters with '\r\n'. [D:\Off Limits Tools\Kumori\third_party\osu\osu.Game.Rulesets.Osu\osu.Game.Rulesets.Osu.csproj]
D:\Off Limits Tools\Kumori\third_party\osu\osu.Game.Rulesets.Osu\UI\OsuPlayfield.cs(210,14): error ENDOFLINE: Fix end of line marker. Replace 1 characters with '\r\n'. [D:\Off Limits Tools\Kumori\third_party\osu\osu.Game.Rulesets.Osu\osu.Game.Rulesets.Osu.csproj]
D:\Off Limits Tools\Kumori\third_party\osu\osu.Game.Rulesets.Osu\UI\OsuPlayfield.cs(211,66): error ENDOFLINE: Fix end of line marker. Replace 1 characters with '\r\n'. [D:\Off Limits Tools\Kumori\third_party\osu\osu.Game.Rulesets.Osu\osu.Game.Rulesets.Osu.csproj]
D:\Off Limits Tools\Kumori\third_party\osu\osu.Game.Rulesets.Osu\UI\OsuPlayfield.cs(212,10): error ENDOFLINE: Fix end of line marker. Replace 1 characters with '\r\n'. [D:\Off Limits Tools\Kumori\third_party\osu\osu.Game.Rulesets.Osu\osu.Game.Rulesets.Osu.csproj]
D:\Off Limits Tools\Kumori\third_party\osu\osu.Game.Rulesets.Osu\UI\OsuPlayfield.cs(213,1): error ENDOFLINE: Fix end of line marker. Replace 1 characters with '\r\n'. [D:\Off Limits Tools\Kumori\third_party\osu\osu.Game.Rulesets.Osu\osu.Game.Rulesets.Osu.csproj]
D:\Off Limits Tools\Kumori\third_party\osu\osu.Game.Rulesets.Osu\UI\OsuPlayfield.cs(214,54): error ENDOFLINE: Fix end of line marker. Replace 1 characters with '\r\n'. [D:\Off Limits Tools\Kumori\third_party\osu\osu.Game.Rulesets.Osu\osu.Game.Rulesets.Osu.csproj]
D:\Off Limits Tools\Kumori\third_party\osu\osu.Game.Rulesets.Osu\UI\OsuPlayfield.cs(215,10): error ENDOFLINE: Fix end of line marker. Replace 1 characters with '\r\n'. [D:\Off Limits Tools\Kumori\third_party\osu\osu.Game.Rulesets.Osu\osu.Game.Rulesets.Osu.csproj]
D:\Off Limits Tools\Kumori\third_party\osu\osu.Game.Rulesets.Osu\UI\OsuPlayfield.cs(216,40): error ENDOFLINE: Fix end of line marker. Replace 1 characters with '\r\n'. [D:\Off Limits Tools\Kumori\third_party\osu\osu.Game.Rulesets.Osu\osu.Game.Rulesets.Osu.csproj]
D:\Off Limits Tools\Kumori\third_party\osu\osu.Game.Rulesets.Osu\UI\OsuPlayfield.cs(217,71): error ENDOFLINE: Fix end of line marker. Replace 1 characters with '\r\n'. [D:\Off Limits Tools\Kumori\third_party\osu\osu.Game.Rulesets.Osu\osu.Game.Rulesets.Osu.csproj]
D:\Off Limits Tools\Kumori\third_party\osu\osu.Game.Rulesets.Osu\UI\OsuPlayfield.cs(218,24): error ENDOFLINE: Fix end of line marker. Replace 1 characters with '\r\n'. [D:\Off Limits Tools\Kumori\third_party\osu\osu.Game.Rulesets.Osu\osu.Game.Rulesets.Osu.csproj]
D:\Off Limits Tools\Kumori\third_party\osu\osu.Game.Rulesets.Osu\UI\OsuPlayfield.cs(219,1): error ENDOFLINE: Fix end of line marker. Replace 1 characters with '\r\n'. [D:\Off Limits Tools\Kumori\third_party\osu\osu.Game.Rulesets.Osu\osu.Game.Rulesets.Osu.csproj]
D:\Off Limits Tools\Kumori\third_party\osu\osu.Game.Rulesets.Osu\UI\OsuPlayfield.cs(220,80): error ENDOFLINE: Fix end of line marker. Replace 1 characters with '\r\n'. [D:\Off Limits Tools\Kumori\third_party\osu\osu.Game.Rulesets.Osu\osu.Game.Rulesets.Osu.csproj]
D:\Off Limits Tools\Kumori\third_party\osu\osu.Game.Rulesets.Osu\UI\OsuPlayfield.cs(221,78): error ENDOFLINE: Fix end of line marker. Replace 1 characters with '\r\n'. [D:\Off Limits Tools\Kumori\third_party\osu\osu.Game.Rulesets.Osu\osu.Game.Rulesets.Osu.csproj]
D:\Off Limits Tools\Kumori\third_party\osu\osu.Game.Rulesets.Osu\UI\OsuPlayfield.cs(222,80): error ENDOFLINE: Fix end of line marker. Replace 1 characters with '\r\n'. [D:\Off Limits Tools\Kumori\third_party\osu\osu.Game.Rulesets.Osu\osu.Game.Rulesets.Osu.csproj]
D:\Off Limits Tools\Kumori\third_party\osu\osu.Game.Rulesets.Osu\UI\OsuPlayfield.cs(223,61): error ENDOFLINE: Fix end of line marker. Replace 1 characters with '\r\n'. [D:\Off Limits Tools\Kumori\third_party\osu\osu.Game.Rulesets.Osu\osu.Game.Rulesets.Osu.csproj]
D:\Off Limits Tools\Kumori\third_party\osu\osu.Game.Rulesets.Osu\UI\OsuPlayfield.cs(224,50): error ENDOFLINE: Fix end of line marker. Replace 1 characters with '\r\n'. [D:\Off Limits Tools\Kumori\third_party\osu\osu.Game.Rulesets.Osu\osu.Game.Rulesets.Osu.csproj]
D:\Off Limits Tools\Kumori\third_party\osu\osu.Game.Rulesets.Osu\UI\OsuPlayfield.cs(225,66): error ENDOFLINE: Fix end of line marker. Replace 1 characters with '\r\n'. [D:\Off Limits Tools\Kumori\third_party\osu\osu.Game.Rulesets.Osu\osu.Game.Rulesets.Osu.csproj]
D:\Off Limits Tools\Kumori\third_party\osu\osu.Game.Rulesets.Osu\UI\OsuPlayfield.cs(226,14): error ENDOFLINE: Fix end of line marker. Replace 1 characters with '\r\n'. [D:\Off Limits Tools\Kumori\third_party\osu\osu.Game.Rulesets.Osu\osu.Game.Rulesets.Osu.csproj]
D:\Off Limits Tools\Kumori\third_party\osu\osu.Game.Rulesets.Osu\UI\OsuPlayfield.cs(227,63): error ENDOFLINE: Fix end of line marker. Replace 1 characters with '\r\n'. [D:\Off Limits Tools\Kumori\third_party\osu\osu.Game.Rulesets.Osu\osu.Game.Rulesets.Osu.csproj]
D:\Off Limits Tools\Kumori\third_party\osu\osu.Game.Rulesets.Osu\UI\OsuPlayfield.cs(228,59): error ENDOFLINE: Fix end of line marker. Replace 1 characters with '\r\n'. [D:\Off Limits Tools\Kumori\third_party\osu\osu.Game.Rulesets.Osu\osu.Game.Rulesets.Osu.csproj]
D:\Off Limits Tools\Kumori\third_party\osu\osu.Game.Rulesets.Osu\UI\OsuPlayfield.cs(229,57): error ENDOFLINE: Fix end of line marker. Replace 1 characters with '\r\n'. [D:\Off Limits Tools\Kumori\third_party\osu\osu.Game.Rulesets.Osu\osu.Game.Rulesets.Osu.csproj]
D:\Off Limits Tools\Kumori\third_party\osu\osu.Game.Rulesets.Osu\UI\OsuPlayfield.cs(230,37): error ENDOFLINE: Fix end of line marker. Replace 1 characters with '\r\n'. [D:\Off Limits Tools\Kumori\third_party\osu\osu.Game.Rulesets.Osu\osu.Game.Rulesets.Osu.csproj]
D:\Off Limits Tools\Kumori\third_party\osu\osu.Game.Rulesets.Osu\UI\OsuPlayfield.cs(231,67): error ENDOFLINE: Fix end of line marker. Replace 1 characters with '\r\n'. [D:\Off Limits Tools\Kumori\third_party\osu\osu.Game.Rulesets.Osu\osu.Game.Rulesets.Osu.csproj]
D:\Off Limits Tools\Kumori\third_party\osu\osu.Game.Rulesets.Osu\UI\OsuPlayfield.cs(232,14): error ENDOFLINE: Fix end of line marker. Replace 1 characters with '\r\n'. [D:\Off Limits Tools\Kumori\third_party\osu\osu.Game.Rulesets.Osu\osu.Game.Rulesets.Osu.csproj]
D:\Off Limits Tools\Kumori\third_party\osu\osu.Game.Rulesets.Osu\UI\OsuPlayfield.cs(233,10): error ENDOFLINE: Fix end of line marker. Replace 1 characters with '\r\n'. [D:\Off Limits Tools\Kumori\third_party\osu\osu.Game.Rulesets.Osu\osu.Game.Rulesets.Osu.csproj]
D:\Off Limits Tools\Kumori\third_party\osu\osu.Game.Rulesets.Osu\UI\OsuPlayfield.cs(234,1): error ENDOFLINE: Fix end of line marker. Replace 1 characters with '\r\n'. [D:\Off Limits Tools\Kumori\third_party\osu\osu.Game.Rulesets.Osu\osu.Game.Rulesets.Osu.csproj]
D:\Off Limits Tools\Kumori\third_party\osu\osu.Game.Rulesets.Osu\UI\OsuPlayfield.cs(235,37): error ENDOFLINE: Fix end of line marker. Replace 1 characters with '\r\n'. [D:\Off Limits Tools\Kumori\third_party\osu\osu.Game.Rulesets.Osu\osu.Game.Rulesets.Osu.csproj]
D:\Off Limits Tools\Kumori\third_party\osu\osu.Game.Rulesets.Osu\UI\OsuPlayfield.cs(236,78): error ENDOFLINE: Fix end of line marker. Replace 1 characters with '\r\n'. [D:\Off Limits Tools\Kumori\third_party\osu\osu.Game.Rulesets.Osu\osu.Game.Rulesets.Osu.csproj]
D:\Off Limits Tools\Kumori\third_party\osu\osu.Game.Rulesets.Osu\UI\OsuPlayfield.cs(237,10): error ENDOFLINE: Fix end of line marker. Replace 1 characters with '\r\n'. [D:\Off Limits Tools\Kumori\third_party\osu\osu.Game.Rulesets.Osu\osu.Game.Rulesets.Osu.csproj]
D:\Off Limits Tools\Kumori\third_party\osu\osu.Game.Rulesets.Osu\UI\OsuPlayfield.cs(238,108): error ENDOFLINE: Fix end of line marker. Replace 1 characters with '\r\n'. [D:\Off Limits Tools\Kumori\third_party\osu\osu.Game.Rulesets.Osu\osu.Game.Rulesets.Osu.csproj]
D:\Off Limits Tools\Kumori\third_party\osu\osu.Game.Rulesets.Osu\UI\OsuPlayfield.cs(239,1): error ENDOFLINE: Fix end of line marker. Replace 1 characters with '\r\n'. [D:\Off Limits Tools\Kumori\third_party\osu\osu.Game.Rulesets.Osu\osu.Game.Rulesets.Osu.csproj]
D:\Off Limits Tools\Kumori\third_party\osu\osu.Game.Rulesets.Osu\UI\OsuPlayfield.cs(240,51): error ENDOFLINE: Fix end of line marker. Replace 1 characters with '\r\n'. [D:\Off Limits Tools\Kumori\third_party\osu\osu.Game.Rulesets.Osu\osu.Game.Rulesets.Osu.csproj]
D:\Off Limits Tools\Kumori\third_party\osu\osu.Game.Rulesets.Osu\UI\OsuPlayfield.cs(241,1): error ENDOFLINE: Fix end of line marker. Replace 1 characters with '\r\n'. [D:\Off Limits Tools\Kumori\third_party\osu\osu.Game.Rulesets.Osu\osu.Game.Rulesets.Osu.csproj]
D:\Off Limits Tools\Kumori\third_party\osu\osu.Game.Rulesets.Osu\UI\OsuPlayfield.cs(242,65): error ENDOFLINE: Fix end of line marker. Replace 1 characters with '\r\n'. [D:\Off Limits Tools\Kumori\third_party\osu\osu.Game.Rulesets.Osu\osu.Game.Rulesets.Osu.csproj]
D:\Off Limits Tools\Kumori\third_party\osu\osu.Game.Rulesets.Osu\UI\OsuPlayfield.cs(243,1): error ENDOFLINE: Fix end of line marker. Replace 1 characters with '\r\n'. [D:\Off Limits Tools\Kumori\third_party\osu\osu.Game.Rulesets.Osu\osu.Game.Rulesets.Osu.csproj]
D:\Off Limits Tools\Kumori\third_party\osu\osu.Game.Rulesets.Osu\UI\OsuPlayfield.cs(244,81): error ENDOFLINE: Fix end of line marker. Replace 1 characters with '\r\n'. [D:\Off Limits Tools\Kumori\third_party\osu\osu.Game.Rulesets.Osu\osu.Game.Rulesets.Osu.csproj]
D:\Off Limits Tools\Kumori\third_party\osu\osu.Game.Rulesets.Osu\UI\OsuPlayfield.cs(245,43): error ENDOFLINE: Fix end of line marker. Replace 1 characters with '\r\n'. [D:\Off Limits Tools\Kumori\third_party\osu\osu.Game.Rulesets.Osu\osu.Game.Rulesets.Osu.csproj]
D:\Off Limits Tools\Kumori\third_party\osu\osu.Game.Rulesets.Osu\UI\OsuPlayfield.cs(246,41): error ENDOFLINE: Fix end of line marker. Replace 1 characters with '\r\n'. [D:\Off Limits Tools\Kumori\third_party\osu\osu.Game.Rulesets.Osu\osu.Game.Rulesets.Osu.csproj]
D:\Off Limits Tools\Kumori\third_party\osu\osu.Game.Rulesets.Osu\UI\OsuPlayfield.cs(247,1): error ENDOFLINE: Fix end of line marker. Replace 1 characters with '\r\n'. [D:\Off Limits Tools\Kumori\third_party\osu\osu.Game.Rulesets.Osu\osu.Game.Rulesets.Osu.csproj]
D:\Off Limits Tools\Kumori\third_party\osu\osu.Game.Rulesets.Osu\UI\OsuPlayfield.cs(248,36): error ENDOFLINE: Fix end of line marker. Replace 1 characters with '\r\n'. [D:\Off Limits Tools\Kumori\third_party\osu\osu.Game.Rulesets.Osu\osu.Game.Rulesets.Osu.csproj]
D:\Off Limits Tools\Kumori\third_party\osu\osu.Game.Rulesets.Osu\UI\OsuPlayfield.cs(249,14): error ENDOFLINE: Fix end of line marker. Replace 1 characters with '\r\n'. [D:\Off Limits Tools\Kumori\third_party\osu\osu.Game.Rulesets.Osu\osu.Game.Rulesets.Osu.csproj]
D:\Off Limits Tools\Kumori\third_party\osu\osu.Game.Rulesets.Osu\UI\OsuPlayfield.cs(250,79): error ENDOFLINE: Fix end of line marker. Replace 1 characters with '\r\n'. [D:\Off Limits Tools\Kumori\third_party\osu\osu.Game.Rulesets.Osu\osu.Game.Rulesets.Osu.csproj]
D:\Off Limits Tools\Kumori\third_party\osu\osu.Game.Rulesets.Osu\UI\OsuPlayfield.cs(251,18): error ENDOFLINE: Fix end of line marker. Replace 1 characters with '\r\n'. [D:\Off Limits Tools\Kumori\third_party\osu\osu.Game.Rulesets.Osu\osu.Game.Rulesets.Osu.csproj]
D:\Off Limits Tools\Kumori\third_party\osu\osu.Game.Rulesets.Osu\UI\OsuPlayfield.cs(252,97): error ENDOFLINE: Fix end of line marker. Replace 1 characters with '\r\n'. [D:\Off Limits Tools\Kumori\third_party\osu\osu.Game.Rulesets.Osu\osu.Game.Rulesets.Osu.csproj]
D:\Off Limits Tools\Kumori\third_party\osu\osu.Game.Rulesets.Osu\UI\OsuPlayfield.cs(253,127): error ENDOFLINE: Fix end of line marker. Replace 1 characters with '\r\n'. [D:\Off Limits Tools\Kumori\third_party\osu\osu.Game.Rulesets.Osu\osu.Game.Rulesets.Osu.csproj]
D:\Off Limits Tools\Kumori\third_party\osu\osu.Game.Rulesets.Osu\UI\OsuPlayfield.cs(254,18): error ENDOFLINE: Fix end of line marker. Replace 1 characters with '\r\n'. [D:\Off Limits Tools\Kumori\third_party\osu\osu.Game.Rulesets.Osu\osu.Game.Rulesets.Osu.csproj]
D:\Off Limits Tools\Kumori\third_party\osu\osu.Game.Rulesets.Osu\UI\OsuPlayfield.cs(255,14): error ENDOFLINE: Fix end of line marker. Replace 1 characters with '\r\n'. [D:\Off Limits Tools\Kumori\third_party\osu\osu.Game.Rulesets.Osu\osu.Game.Rulesets.Osu.csproj]
D:\Off Limits Tools\Kumori\third_party\osu\osu.Game.Rulesets.Osu\UI\OsuPlayfield.cs(256,1): error ENDOFLINE: Fix end of line marker. Replace 1 characters with '\r\n'. [D:\Off Limits Tools\Kumori\third_party\osu\osu.Game.Rulesets.Osu\osu.Game.Rulesets.Osu.csproj]
D:\Off Limits Tools\Kumori\third_party\osu\osu.Game.Rulesets.Osu\UI\OsuPlayfield.cs(257,59): error ENDOFLINE: Fix end of line marker. Replace 1 characters with '\r\n'. [D:\Off Limits Tools\Kumori\third_party\osu\osu.Game.Rulesets.Osu\osu.Game.Rulesets.Osu.csproj]
D:\Off Limits Tools\Kumori\third_party\osu\osu.Game.Rulesets.Osu\UI\OsuPlayfield.cs(258,73): error ENDOFLINE: Fix end of line marker. Replace 1 characters with '\r\n'. [D:\Off Limits Tools\Kumori\third_party\osu\osu.Game.Rulesets.Osu\osu.Game.Rulesets.Osu.csproj]
D:\Off Limits Tools\Kumori\third_party\osu\osu.Game.Rulesets.Osu\UI\OsuPlayfield.cs(259,73): error ENDOFLINE: Fix end of line marker. Replace 1 characters with '\r\n'. [D:\Off Limits Tools\Kumori\third_party\osu\osu.Game.Rulesets.Osu\osu.Game.Rulesets.Osu.csproj]
D:\Off Limits Tools\Kumori\third_party\osu\osu.Game.Rulesets.Osu\UI\OsuPlayfield.cs(260,129): error ENDOFLINE: Fix end of line marker. Replace 1 characters with '\r\n'. [D:\Off Limits Tools\Kumori\third_party\osu\osu.Game.Rulesets.Osu\osu.Game.Rulesets.Osu.csproj]
D:\Off Limits Tools\Kumori\third_party\osu\osu.Game.Rulesets.Osu\UI\OsuPlayfield.cs(261,137): error ENDOFLINE: Fix end of line marker. Replace 1 characters with '\r\n'. [D:\Off Limits Tools\Kumori\third_party\osu\osu.Game.Rulesets.Osu\osu.Game.Rulesets.Osu.csproj]
D:\Off Limits Tools\Kumori\third_party\osu\osu.Game.Rulesets.Osu\UI\OsuPlayfield.cs(262,1): error ENDOFLINE: Fix end of line marker. Replace 1 characters with '\r\n'. [D:\Off Limits Tools\Kumori\third_party\osu\osu.Game.Rulesets.Osu\osu.Game.Rulesets.Osu.csproj]
D:\Off Limits Tools\Kumori\third_party\osu\osu.Game.Rulesets.Osu\UI\OsuPlayfield.cs(263,59): error ENDOFLINE: Fix end of line marker. Replace 1 characters with '\r\n'. [D:\Off Limits Tools\Kumori\third_party\osu\osu.Game.Rulesets.Osu\osu.Game.Rulesets.Osu.csproj]
D:\Off Limits Tools\Kumori\third_party\osu\osu.Game.Rulesets.Osu\UI\OsuPlayfield.cs(264,69): error ENDOFLINE: Fix end of line marker. Replace 1 characters with '\r\n'. [D:\Off Limits Tools\Kumori\third_party\osu\osu.Game.Rulesets.Osu\osu.Game.Rulesets.Osu.csproj]
D:\Off Limits Tools\Kumori\third_party\osu\osu.Game.Rulesets.Osu\UI\OsuPlayfield.cs(265,79): error ENDOFLINE: Fix end of line marker. Replace 1 characters with '\r\n'. [D:\Off Limits Tools\Kumori\third_party\osu\osu.Game.Rulesets.Osu\osu.Game.Rulesets.Osu.csproj]
D:\Off Limits Tools\Kumori\third_party\osu\osu.Game.Rulesets.Osu\UI\OsuPlayfield.cs(266,1): error ENDOFLINE: Fix end of line marker. Replace 1 characters with '\r\n'. [D:\Off Limits Tools\Kumori\third_party\osu\osu.Game.Rulesets.Osu\osu.Game.Rulesets.Osu.csproj]
D:\Off Limits Tools\Kumori\third_party\osu\osu.Game.Rulesets.Osu\UI\OsuPlayfield.cs(267,33): error ENDOFLINE: Fix end of line marker. Replace 1 characters with '\r\n'. [D:\Off Limits Tools\Kumori\third_party\osu\osu.Game.Rulesets.Osu\osu.Game.Rulesets.Osu.csproj]
D:\Off Limits Tools\Kumori\third_party\osu\osu.Game.Rulesets.Osu\UI\OsuPlayfield.cs(268,59): error ENDOFLINE: Fix end of line marker. Replace 1 characters with '\r\n'. [D:\Off Limits Tools\Kumori\third_party\osu\osu.Game.Rulesets.Osu\osu.Game.Rulesets.Osu.csproj]
D:\Off Limits Tools\Kumori\third_party\osu\osu.Game.Rulesets.Osu\UI\OsuPlayfield.cs(269,10): error ENDOFLINE: Fix end of line marker. Replace 1 characters with '\r\n'. [D:\Off Limits Tools\Kumori\third_party\osu\osu.Game.Rulesets.Osu\osu.Game.Rulesets.Osu.csproj]
D:\Off Limits Tools\Kumori\third_party\osu\osu.Game.Rulesets.Osu\UI\OsuPlayfield.cs(270,1): error ENDOFLINE: Fix end of line marker. Replace 1 characters with '\r\n'. [D:\Off Limits Tools\Kumori\third_party\osu\osu.Game.Rulesets.Osu\osu.Game.Rulesets.Osu.csproj]
D:\Off Limits Tools\Kumori\third_party\osu\osu.Game.Rulesets.Osu\UI\OsuPlayfield.cs(271,74): error ENDOFLINE: Fix end of line marker. Replace 1 characters with '\r\n'. [D:\Off Limits Tools\Kumori\third_party\osu\osu.Game.Rulesets.Osu\osu.Game.Rulesets.Osu.csproj]
D:\Off Limits Tools\Kumori\third_party\osu\osu.Game.Rulesets.Osu\UI\OsuPlayfield.cs(272,10): error ENDOFLINE: Fix end of line marker. Replace 1 characters with '\r\n'. [D:\Off Limits Tools\Kumori\third_party\osu\osu.Game.Rulesets.Osu\osu.Game.Rulesets.Osu.csproj]
D:\Off Limits Tools\Kumori\third_party\osu\osu.Game.Rulesets.Osu\UI\OsuPlayfield.cs(273,178): error ENDOFLINE: Fix end of line marker. Replace 1 characters with '\r\n'. [D:\Off Limits Tools\Kumori\third_party\osu\osu.Game.Rulesets.Osu\osu.Game.Rulesets.Osu.csproj]
D:\Off Limits Tools\Kumori\third_party\osu\osu.Game.Rulesets.Osu\UI\OsuPlayfield.cs(274,10): error ENDOFLINE: Fix end of line marker. Replace 1 characters with '\r\n'. [D:\Off Limits Tools\Kumori\third_party\osu\osu.Game.Rulesets.Osu\osu.Game.Rulesets.Osu.csproj]
D:\Off Limits Tools\Kumori\third_party\osu\osu.Game.Rulesets.Osu\UI\OsuPlayfield.cs(275,1): error ENDOFLINE: Fix end of line marker. Replace 1 characters with '\r\n'. [D:\Off Limits Tools\Kumori\third_party\osu\osu.Game.Rulesets.Osu\osu.Game.Rulesets.Osu.csproj]
D:\Off Limits Tools\Kumori\third_party\osu\osu.Game.Rulesets.Osu\UI\OsuPlayfield.cs(276,136): error ENDOFLINE: Fix end of line marker. Replace 1 characters with '\r\n'. [D:\Off Limits Tools\Kumori\third_party\osu\osu.Game.Rulesets.Osu\osu.Game.Rulesets.Osu.csproj]
D:\Off Limits Tools\Kumori\third_party\osu\osu.Game.Rulesets.Osu\UI\OsuPlayfield.cs(277,1): error ENDOFLINE: Fix end of line marker. Replace 1 characters with '\r\n'. [D:\Off Limits Tools\Kumori\third_party\osu\osu.Game.Rulesets.Osu\osu.Game.Rulesets.Osu.csproj]
D:\Off Limits Tools\Kumori\third_party\osu\osu.Game.Rulesets.Osu\UI\OsuPlayfield.cs(278,70): error ENDOFLINE: Fix end of line marker. Replace 1 characters with '\r\n'. [D:\Off Limits Tools\Kumori\third_party\osu\osu.Game.Rulesets.Osu\osu.Game.Rulesets.Osu.csproj]
D:\Off Limits Tools\Kumori\third_party\osu\osu.Game.Rulesets.Osu\UI\OsuPlayfield.cs(279,10): error ENDOFLINE: Fix end of line marker. Replace 1 characters with '\r\n'. [D:\Off Limits Tools\Kumori\third_party\osu\osu.Game.Rulesets.Osu\osu.Game.Rulesets.Osu.csproj]
D:\Off Limits Tools\Kumori\third_party\osu\osu.Game.Rulesets.Osu\UI\OsuPlayfield.cs(280,46): error ENDOFLINE: Fix end of line marker. Replace 1 characters with '\r\n'. [D:\Off Limits Tools\Kumori\third_party\osu\osu.Game.Rulesets.Osu\osu.Game.Rulesets.Osu.csproj]
D:\Off Limits Tools\Kumori\third_party\osu\osu.Game.Rulesets.Osu\UI\OsuPlayfield.cs(281,67): error ENDOFLINE: Fix end of line marker. Replace 1 characters with '\r\n'. [D:\Off Limits Tools\Kumori\third_party\osu\osu.Game.Rulesets.Osu\osu.Game.Rulesets.Osu.csproj]
D:\Off Limits Tools\Kumori\third_party\osu\osu.Game.Rulesets.Osu\UI\OsuPlayfield.cs(282,10): error ENDOFLINE: Fix end of line marker. Replace 1 characters with '\r\n'. [D:\Off Limits Tools\Kumori\third_party\osu\osu.Game.Rulesets.Osu\osu.Game.Rulesets.Osu.csproj]
D:\Off Limits Tools\Kumori\third_party\osu\osu.Game.Rulesets.Osu\UI\OsuPlayfield.cs(283,1): error ENDOFLINE: Fix end of line marker. Replace 1 characters with '\r\n'. [D:\Off Limits Tools\Kumori\third_party\osu\osu.Game.Rulesets.Osu\osu.Game.Rulesets.Osu.csproj]
D:\Off Limits Tools\Kumori\third_party\osu\osu.Game.Rulesets.Osu\UI\OsuPlayfield.cs(284,72): error ENDOFLINE: Fix end of line marker. Replace 1 characters with '\r\n'. [D:\Off Limits Tools\Kumori\third_party\osu\osu.Game.Rulesets.Osu\osu.Game.Rulesets.Osu.csproj]
D:\Off Limits Tools\Kumori\third_party\osu\osu.Game.Rulesets.Osu\UI\OsuPlayfield.cs(285,10): error ENDOFLINE: Fix end of line marker. Replace 1 characters with '\r\n'. [D:\Off Limits Tools\Kumori\third_party\osu\osu.Game.Rulesets.Osu\osu.Game.Rulesets.Osu.csproj]
D:\Off Limits Tools\Kumori\third_party\osu\osu.Game.Rulesets.Osu\UI\OsuPlayfield.cs(286,48): error ENDOFLINE: Fix end of line marker. Replace 1 characters with '\r\n'. [D:\Off Limits Tools\Kumori\third_party\osu\osu.Game.Rulesets.Osu\osu.Game.Rulesets.Osu.csproj]
D:\Off Limits Tools\Kumori\third_party\osu\osu.Game.Rulesets.Osu\UI\OsuPlayfield.cs(287,70): error ENDOFLINE: Fix end of line marker. Replace 1 characters with '\r\n'. [D:\Off Limits Tools\Kumori\third_party\osu\osu.Game.Rulesets.Osu\osu.Game.Rulesets.Osu.csproj]
D:\Off Limits Tools\Kumori\third_party\osu\osu.Game.Rulesets.Osu\UI\OsuPlayfield.cs(288,10): error ENDOFLINE: Fix end of line marker. Replace 1 characters with '\r\n'. [D:\Off Limits Tools\Kumori\third_party\osu\osu.Game.Rulesets.Osu\osu.Game.Rulesets.Osu.csproj]
D:\Off Limits Tools\Kumori\third_party\osu\osu.Game.Rulesets.Osu\UI\OsuPlayfield.cs(289,1): error ENDOFLINE: Fix end of line marker. Replace 1 characters with '\r\n'. [D:\Off Limits Tools\Kumori\third_party\osu\osu.Game.Rulesets.Osu\osu.Game.Rulesets.Osu.csproj]
D:\Off Limits Tools\Kumori\third_party\osu\osu.Game.Rulesets.Osu\UI\OsuPlayfield.cs(290,89): error ENDOFLINE: Fix end of line marker. Replace 1 characters with '\r\n'. [D:\Off Limits Tools\Kumori\third_party\osu\osu.Game.Rulesets.Osu\osu.Game.Rulesets.Osu.csproj]
D:\Off Limits Tools\Kumori\third_party\osu\osu.Game.Rulesets.Osu\UI\OsuPlayfield.cs(291,10): error ENDOFLINE: Fix end of line marker. Replace 1 characters with '\r\n'. [D:\Off Limits Tools\Kumori\third_party\osu\osu.Game.Rulesets.Osu\osu.Game.Rulesets.Osu.csproj]
D:\Off Limits Tools\Kumori\third_party\osu\osu.Game.Rulesets.Osu\UI\OsuPlayfield.cs(292,110): error ENDOFLINE: Fix end of line marker. Replace 1 characters with '\r\n'. [D:\Off Limits Tools\Kumori\third_party\osu\osu.Game.Rulesets.Osu\osu.Game.Rulesets.Osu.csproj]
D:\Off Limits Tools\Kumori\third_party\osu\osu.Game.Rulesets.Osu\UI\OsuPlayfield.cs(293,47): error ENDOFLINE: Fix end of line marker. Replace 1 characters with '\r\n'. [D:\Off Limits Tools\Kumori\third_party\osu\osu.Game.Rulesets.Osu\osu.Game.Rulesets.Osu.csproj]
D:\Off Limits Tools\Kumori\third_party\osu\osu.Game.Rulesets.Osu\UI\OsuPlayfield.cs(294,1): error ENDOFLINE: Fix end of line marker. Replace 1 characters with '\r\n'. [D:\Off Limits Tools\Kumori\third_party\osu\osu.Game.Rulesets.Osu\osu.Game.Rulesets.Osu.csproj]
D:\Off Limits Tools\Kumori\third_party\osu\osu.Game.Rulesets.Osu\UI\OsuPlayfield.cs(295,73): error ENDOFLINE: Fix end of line marker. Replace 1 characters with '\r\n'. [D:\Off Limits Tools\Kumori\third_party\osu\osu.Game.Rulesets.Osu\osu.Game.Rulesets.Osu.csproj]
D:\Off Limits Tools\Kumori\third_party\osu\osu.Game.Rulesets.Osu\UI\OsuPlayfield.cs(296,24): error ENDOFLINE: Fix end of line marker. Replace 1 characters with '\r\n'. [D:\Off Limits Tools\Kumori\third_party\osu\osu.Game.Rulesets.Osu\osu.Game.Rulesets.Osu.csproj]
D:\Off Limits Tools\Kumori\third_party\osu\osu.Game.Rulesets.Osu\UI\OsuPlayfield.cs(297,1): error ENDOFLINE: Fix end of line marker. Replace 1 characters with '\r\n'. [D:\Off Limits Tools\Kumori\third_party\osu\osu.Game.Rulesets.Osu\osu.Game.Rulesets.Osu.csproj]
D:\Off Limits Tools\Kumori\third_party\osu\osu.Game.Rulesets.Osu\UI\OsuPlayfield.cs(298,102): error ENDOFLINE: Fix end of line marker. Replace 1 characters with '\r\n'. [D:\Off Limits Tools\Kumori\third_party\osu\osu.Game.Rulesets.Osu\osu.Game.Rulesets.Osu.csproj]
D:\Off Limits Tools\Kumori\third_party\osu\osu.Game.Rulesets.Osu\UI\OsuPlayfield.cs(299,1): error ENDOFLINE: Fix end of line marker. Replace 1 characters with '\r\n'. [D:\Off Limits Tools\Kumori\third_party\osu\osu.Game.Rulesets.Osu\osu.Game.Rulesets.Osu.csproj]
D:\Off Limits Tools\Kumori\third_party\osu\osu.Game.Rulesets.Osu\UI\OsuPlayfield.cs(300,35): error ENDOFLINE: Fix end of line marker. Replace 1 characters with '\r\n'. [D:\Off Limits Tools\Kumori\third_party\osu\osu.Game.Rulesets.Osu\osu.Game.Rulesets.Osu.csproj]
D:\Off Limits Tools\Kumori\third_party\osu\osu.Game.Rulesets.Osu\UI\OsuPlayfield.cs(301,24): error ENDOFLINE: Fix end of line marker. Replace 1 characters with '\r\n'. [D:\Off Limits Tools\Kumori\third_party\osu\osu.Game.Rulesets.Osu\osu.Game.Rulesets.Osu.csproj]
D:\Off Limits Tools\Kumori\third_party\osu\osu.Game.Rulesets.Osu\UI\OsuPlayfield.cs(302,1): error ENDOFLINE: Fix end of line marker. Replace 1 characters with '\r\n'. [D:\Off Limits Tools\Kumori\third_party\osu\osu.Game.Rulesets.Osu\osu.Game.Rulesets.Osu.csproj]
D:\Off Limits Tools\Kumori\third_party\osu\osu.Game.Rulesets.Osu\UI\OsuPlayfield.cs(303,43): error ENDOFLINE: Fix end of line marker. Replace 1 characters with '\r\n'. [D:\Off Limits Tools\Kumori\third_party\osu\osu.Game.Rulesets.Osu\osu.Game.Rulesets.Osu.csproj]
D:\Off Limits Tools\Kumori\third_party\osu\osu.Game.Rulesets.Osu\UI\OsuPlayfield.cs(304,1): error ENDOFLINE: Fix end of line marker. Replace 1 characters with '\r\n'. [D:\Off Limits Tools\Kumori\third_party\osu\osu.Game.Rulesets.Osu\osu.Game.Rulesets.Osu.csproj]
D:\Off Limits Tools\Kumori\third_party\osu\osu.Game.Rulesets.Osu\UI\OsuPlayfield.cs(305,124): error ENDOFLINE: Fix end of line marker. Replace 1 characters with '\r\n'. [D:\Off Limits Tools\Kumori\third_party\osu\osu.Game.Rulesets.Osu\osu.Game.Rulesets.Osu.csproj]
D:\Off Limits Tools\Kumori\third_party\osu\osu.Game.Rulesets.Osu\UI\OsuPlayfield.cs(306,109): error ENDOFLINE: Fix end of line marker. Replace 1 characters with '\r\n'. [D:\Off Limits Tools\Kumori\third_party\osu\osu.Game.Rulesets.Osu\osu.Game.Rulesets.Osu.csproj]
D:\Off Limits Tools\Kumori\third_party\osu\osu.Game.Rulesets.Osu\UI\OsuPlayfield.cs(307,129): error ENDOFLINE: Fix end of line marker. Replace 1 characters with '\r\n'. [D:\Off Limits Tools\Kumori\third_party\osu\osu.Game.Rulesets.Osu\osu.Game.Rulesets.Osu.csproj]
D:\Off Limits Tools\Kumori\third_party\osu\osu.Game.Rulesets.Osu\UI\OsuPlayfield.cs(308,10): error ENDOFLINE: Fix end of line marker. Replace 1 characters with '\r\n'. [D:\Off Limits Tools\Kumori\third_party\osu\osu.Game.Rulesets.Osu\osu.Game.Rulesets.Osu.csproj]
D:\Off Limits Tools\Kumori\third_party\osu\osu.Game.Rulesets.Osu\UI\OsuPlayfield.cs(309,1): error ENDOFLINE: Fix end of line marker. Replace 1 characters with '\r\n'. [D:\Off Limits Tools\Kumori\third_party\osu\osu.Game.Rulesets.Osu\osu.Game.Rulesets.Osu.csproj]
D:\Off Limits Tools\Kumori\third_party\osu\osu.Game.Rulesets.Osu\UI\OsuPlayfield.cs(310,142): error ENDOFLINE: Fix end of line marker. Replace 1 characters with '\r\n'. [D:\Off Limits Tools\Kumori\third_party\osu\osu.Game.Rulesets.Osu\osu.Game.Rulesets.Osu.csproj]
D:\Off Limits Tools\Kumori\third_party\osu\osu.Game.Rulesets.Osu\UI\OsuPlayfield.cs(311,1): error ENDOFLINE: Fix end of line marker. Replace 1 characters with '\r\n'. [D:\Off Limits Tools\Kumori\third_party\osu\osu.Game.Rulesets.Osu\osu.Game.Rulesets.Osu.csproj]
D:\Off Limits Tools\Kumori\third_party\osu\osu.Game.Rulesets.Osu\UI\OsuPlayfield.cs(312,83): error ENDOFLINE: Fix end of line marker. Replace 1 characters with '\r\n'. [D:\Off Limits Tools\Kumori\third_party\osu\osu.Game.Rulesets.Osu\osu.Game.Rulesets.Osu.csproj]
D:\Off Limits Tools\Kumori\third_party\osu\osu.Game.Rulesets.Osu\UI\OsuPlayfield.cs(313,1): error ENDOFLINE: Fix end of line marker. Replace 1 characters with '\r\n'. [D:\Off Limits Tools\Kumori\third_party\osu\osu.Game.Rulesets.Osu\osu.Game.Rulesets.Osu.csproj]
D:\Off Limits Tools\Kumori\third_party\osu\osu.Game.Rulesets.Osu\UI\OsuPlayfield.cs(314,118): error ENDOFLINE: Fix end of line marker. Replace 1 characters with '\r\n'. [D:\Off Limits Tools\Kumori\third_party\osu\osu.Game.Rulesets.Osu\osu.Game.Rulesets.Osu.csproj]
D:\Off Limits Tools\Kumori\third_party\osu\osu.Game.Rulesets.Osu\UI\OsuPlayfield.cs(315,10): error ENDOFLINE: Fix end of line marker. Replace 1 characters with '\r\n'. [D:\Off Limits Tools\Kumori\third_party\osu\osu.Game.Rulesets.Osu\osu.Game.Rulesets.Osu.csproj]
D:\Off Limits Tools\Kumori\third_party\osu\osu.Game.Rulesets.Osu\UI\OsuPlayfield.cs(316,59): error ENDOFLINE: Fix end of line marker. Replace 1 characters with '\r\n'. [D:\Off Limits Tools\Kumori\third_party\osu\osu.Game.Rulesets.Osu\osu.Game.Rulesets.Osu.csproj]
D:\Off Limits Tools\Kumori\third_party\osu\osu.Game.Rulesets.Osu\UI\OsuPlayfield.cs(317,58): error ENDOFLINE: Fix end of line marker. Replace 1 characters with '\r\n'. [D:\Off Limits Tools\Kumori\third_party\osu\osu.Game.Rulesets.Osu\osu.Game.Rulesets.Osu.csproj]
D:\Off Limits Tools\Kumori\third_party\osu\osu.Game.Rulesets.Osu\UI\OsuPlayfield.cs(318,45): error ENDOFLINE: Fix end of line marker. Replace 1 characters with '\r\n'. [D:\Off Limits Tools\Kumori\third_party\osu\osu.Game.Rulesets.Osu\osu.Game.Rulesets.Osu.csproj]
D:\Off Limits Tools\Kumori\third_party\osu\osu.Game.Rulesets.Osu\UI\OsuPlayfield.cs(319,10): error ENDOFLINE: Fix end of line marker. Replace 1 characters with '\r\n'. [D:\Off Limits Tools\Kumori\third_party\osu\osu.Game.Rulesets.Osu\osu.Game.Rulesets.Osu.csproj]
D:\Off Limits Tools\Kumori\third_party\osu\osu.Game.Rulesets.Osu\UI\OsuPlayfield.cs(320,1): error ENDOFLINE: Fix end of line marker. Replace 1 characters with '\r\n'. [D:\Off Limits Tools\Kumori\third_party\osu\osu.Game.Rulesets.Osu\osu.Game.Rulesets.Osu.csproj]
D:\Off Limits Tools\Kumori\third_party\osu\osu.Game.Rulesets.Osu\UI\OsuPlayfield.cs(321,75): error ENDOFLINE: Fix end of line marker. Replace 1 characters with '\r\n'. [D:\Off Limits Tools\Kumori\third_party\osu\osu.Game.Rulesets.Osu\osu.Game.Rulesets.Osu.csproj]
D:\Off Limits Tools\Kumori\third_party\osu\osu.Game.Rulesets.Osu\UI\OsuPlayfield.cs(322,10): error ENDOFLINE: Fix end of line marker. Replace 1 characters with '\r\n'. [D:\Off Limits Tools\Kumori\third_party\osu\osu.Game.Rulesets.Osu\osu.Game.Rulesets.Osu.csproj]
D:\Off Limits Tools\Kumori\third_party\osu\osu.Game.Rulesets.Osu\UI\OsuPlayfield.cs(323,67): error ENDOFLINE: Fix end of line marker. Replace 1 characters with '\r\n'. [D:\Off Limits Tools\Kumori\third_party\osu\osu.Game.Rulesets.Osu\osu.Game.Rulesets.Osu.csproj]
D:\Off Limits Tools\Kumori\third_party\osu\osu.Game.Rulesets.Osu\UI\OsuPlayfield.cs(324,10): error ENDOFLINE: Fix end of line marker. Replace 1 characters with '\r\n'. [D:\Off Limits Tools\Kumori\third_party\osu\osu.Game.Rulesets.Osu\osu.Game.Rulesets.Osu.csproj]
D:\Off Limits Tools\Kumori\third_party\osu\osu.Game.Rulesets.Osu\UI\OsuPlayfield.cs(325,1): error ENDOFLINE: Fix end of line marker. Replace 1 characters with '\r\n'. [D:\Off Limits Tools\Kumori\third_party\osu\osu.Game.Rulesets.Osu\osu.Game.Rulesets.Osu.csproj]
D:\Off Limits Tools\Kumori\third_party\osu\osu.Game.Rulesets.Osu\UI\OsuPlayfield.cs(326,73): error ENDOFLINE: Fix end of line marker. Replace 1 characters with '\r\n'. [D:\Off Limits Tools\Kumori\third_party\osu\osu.Game.Rulesets.Osu\osu.Game.Rulesets.Osu.csproj]
D:\Off Limits Tools\Kumori\third_party\osu\osu.Game.Rulesets.Osu\UI\OsuPlayfield.cs(327,10): error ENDOFLINE: Fix end of line marker. Replace 1 characters with '\r\n'. [D:\Off Limits Tools\Kumori\third_party\osu\osu.Game.Rulesets.Osu\osu.Game.Rulesets.Osu.csproj]
D:\Off Limits Tools\Kumori\third_party\osu\osu.Game.Rulesets.Osu\UI\OsuPlayfield.cs(328,66): error ENDOFLINE: Fix end of line marker. Replace 1 characters with '\r\n'. [D:\Off Limits Tools\Kumori\third_party\osu\osu.Game.Rulesets.Osu\osu.Game.Rulesets.Osu.csproj]
D:\Off Limits Tools\Kumori\third_party\osu\osu.Game.Rulesets.Osu\UI\OsuPlayfield.cs(329,34): error ENDOFLINE: Fix end of line marker. Replace 1 characters with '\r\n'. [D:\Off Limits Tools\Kumori\third_party\osu\osu.Game.Rulesets.Osu\osu.Game.Rulesets.Osu.csproj]
D:\Off Limits Tools\Kumori\third_party\osu\osu.Game.Rulesets.Osu\UI\OsuPlayfield.cs(330,14): error ENDOFLINE: Fix end of line marker. Replace 1 characters with '\r\n'. [D:\Off Limits Tools\Kumori\third_party\osu\osu.Game.Rulesets.Osu\osu.Game.Rulesets.Osu.csproj]
D:\Off Limits Tools\Kumori\third_party\osu\osu.Game.Rulesets.Osu\UI\OsuPlayfield.cs(331,138): error ENDOFLINE: Fix end of line marker. Replace 1 characters with '\r\n'. [D:\Off Limits Tools\Kumori\third_party\osu\osu.Game.Rulesets.Osu\osu.Game.Rulesets.Osu.csproj]
D:\Off Limits Tools\Kumori\third_party\osu\osu.Game.Rulesets.Osu\UI\OsuPlayfield.cs(332,103): error ENDOFLINE: Fix end of line marker. Replace 1 characters with '\r\n'. [D:\Off Limits Tools\Kumori\third_party\osu\osu.Game.Rulesets.Osu\osu.Game.Rulesets.Osu.csproj]
D:\Off Limits Tools\Kumori\third_party\osu\osu.Game.Rulesets.Osu\UI\OsuPlayfield.cs(333,14): error ENDOFLINE: Fix end of line marker. Replace 1 characters with '\r\n'. [D:\Off Limits Tools\Kumori\third_party\osu\osu.Game.Rulesets.Osu\osu.Game.Rulesets.Osu.csproj]
D:\Off Limits Tools\Kumori\third_party\osu\osu.Game.Rulesets.Osu\UI\OsuPlayfield.cs(334,1): error ENDOFLINE: Fix end of line marker. Replace 1 characters with '\r\n'. [D:\Off Limits Tools\Kumori\third_party\osu\osu.Game.Rulesets.Osu\osu.Game.Rulesets.Osu.csproj]
D:\Off Limits Tools\Kumori\third_party\osu\osu.Game.Rulesets.Osu\UI\OsuPlayfield.cs(335,102): error ENDOFLINE: Fix end of line marker. Replace 1 characters with '\r\n'. [D:\Off Limits Tools\Kumori\third_party\osu\osu.Game.Rulesets.Osu\osu.Game.Rulesets.Osu.csproj]
D:\Off Limits Tools\Kumori\third_party\osu\osu.Game.Rulesets.Osu\UI\OsuPlayfield.cs(336,10): error ENDOFLINE: Fix end of line marker. Replace 1 characters with '\r\n'. [D:\Off Limits Tools\Kumori\third_party\osu\osu.Game.Rulesets.Osu\osu.Game.Rulesets.Osu.csproj]
D:\Off Limits Tools\Kumori\third_party\osu\osu.Game.Rulesets.Osu\UI\OsuPlayfield.cs(337,6): error ENDOFLINE: Fix end of line marker. Replace 1 characters with '\r\n'. [D:\Off Limits Tools\Kumori\third_party\osu\osu.Game.Rulesets.Osu\osu.Game.Rulesets.Osu.csproj]
D:\Off Limits Tools\Kumori\third_party\osu\osu.Game.Rulesets.Osu\UI\OsuPlayfield.cs(338,2): error ENDOFLINE: Fix end of line marker. Replace 1 characters with '\r\n'. [D:\Off Limits Tools\Kumori\third_party\osu\osu.Game.Rulesets.Osu\osu.Game.Rulesets.Osu.csproj]
D:\Off Limits Tools\Kumori\third_party\osu\osu.Game\Beatmaps\Beatmap.cs(1,1): error IMPORTS: Fix imports ordering. [D:\Off Limits Tools\Kumori\third_party\osu\osu.Game\osu.Game.csproj]
D:\Off Limits Tools\Kumori\third_party\osu\osu.Game\Beatmaps\Drawables\Cards\BeatmapCard.cs(1,1): error IMPORTS: Fix imports ordering. [D:\Off Limits Tools\Kumori\third_party\osu\osu.Game\osu.Game.csproj]
D:\Off Limits Tools\Kumori\third_party\osu\osu.Game\Beatmaps\Drawables\Cards\BeatmapCardExtra.cs(1,1): error IMPORTS: Fix imports ordering. [D:\Off Limits Tools\Kumori\third_party\osu\osu.Game\osu.Game.csproj]
D:\Off Limits Tools\Kumori\third_party\osu\osu.Game\Beatmaps\Drawables\Cards\BeatmapCardNormal.cs(1,1): error IMPORTS: Fix imports ordering. [D:\Off Limits Tools\Kumori\third_party\osu\osu.Game\osu.Game.csproj]
D:\Off Limits Tools\Kumori\third_party\osu\osu.Game\Beatmaps\Drawables\Cards\BeatmapCardThumbnail.cs(1,1): error IMPORTS: Fix imports ordering. [D:\Off Limits Tools\Kumori\third_party\osu\osu.Game\osu.Game.csproj]
D:\Off Limits Tools\Kumori\third_party\osu\osu.Game\Beatmaps\Drawables\Cards\Buttons\DownloadButton.cs(1,1): error IMPORTS: Fix imports ordering. [D:\Off Limits Tools\Kumori\third_party\osu\osu.Game\osu.Game.csproj]
D:\Off Limits Tools\Kumori\third_party\osu\osu.Game\Extensions\WebRequestExtensions.cs(1,1): error IMPORTS: Fix imports ordering. [D:\Off Limits Tools\Kumori\third_party\osu\osu.Game\osu.Game.csproj]
D:\Off Limits Tools\Kumori\third_party\osu\osu.Game\Graphics\Backgrounds\Triangles.cs(1,1): error IMPORTS: Fix imports ordering. [D:\Off Limits Tools\Kumori\third_party\osu\osu.Game\osu.Game.csproj]
D:\Off Limits Tools\Kumori\third_party\osu\osu.Game\Graphics\Containers\LinkFlowContainer.cs(1,1): error IMPORTS: Fix imports ordering. [D:\Off Limits Tools\Kumori\third_party\osu\osu.Game\osu.Game.csproj]
D:\Off Limits Tools\Kumori\third_party\osu\osu.Game\Graphics\Containers\OsuFocusedOverlayContainer.cs(1,1): error IMPORTS: Fix imports ordering. [D:\Off Limits Tools\Kumori\third_party\osu\osu.Game\osu.Game.csproj]
D:\Off Limits Tools\Kumori\third_party\osu\osu.Game\Graphics\Containers\OsuHoverContainer.cs(1,1): error IMPORTS: Fix imports ordering. [D:\Off Limits Tools\Kumori\third_party\osu\osu.Game\osu.Game.csproj]
D:\Off Limits Tools\Kumori\third_party\osu\osu.Game\Graphics\Containers\ParallaxContainer.cs(1,1): error IMPORTS: Fix imports ordering. [D:\Off Limits Tools\Kumori\third_party\osu\osu.Game\osu.Game.csproj]
D:\Off Limits Tools\Kumori\third_party\osu\osu.Game\Graphics\Cursor\OsuTooltipContainer.cs(1,1): error IMPORTS: Fix imports ordering. [D:\Off Limits Tools\Kumori\third_party\osu\osu.Game\osu.Game.csproj]
D:\Off Limits Tools\Kumori\third_party\osu\osu.Game\Graphics\IHasAccentColour.cs(1,1): error IMPORTS: Fix imports ordering. [D:\Off Limits Tools\Kumori\third_party\osu\osu.Game\osu.Game.csproj]
D:\Off Limits Tools\Kumori\third_party\osu\osu.Game\Graphics\UserInterface\Bar.cs(1,1): error IMPORTS: Fix imports ordering. [D:\Off Limits Tools\Kumori\third_party\osu\osu.Game\osu.Game.csproj]
D:\Off Limits Tools\Kumori\third_party\osu\osu.Game\Graphics\UserInterface\BarGraph.cs(1,1): error IMPORTS: Fix imports ordering. [D:\Off Limits Tools\Kumori\third_party\osu\osu.Game\osu.Game.csproj]
D:\Off Limits Tools\Kumori\third_party\osu\osu.Game\Graphics\UserInterface\BreadcrumbControl.cs(1,1): error IMPORTS: Fix imports ordering. [D:\Off Limits Tools\Kumori\third_party\osu\osu.Game\osu.Game.csproj]
D:\Off Limits Tools\Kumori\third_party\osu\osu.Game\Graphics\UserInterface\FocusedTextBox.cs(1,1): error IMPORTS: Fix imports ordering. [D:\Off Limits Tools\Kumori\third_party\osu\osu.Game\osu.Game.csproj]
D:\Off Limits Tools\Kumori\third_party\osu\osu.Game\Graphics\UserInterface\GradientLineTabControl.cs(1,1): error IMPORTS: Fix imports ordering. [D:\Off Limits Tools\Kumori\third_party\osu\osu.Game\osu.Game.csproj]
D:\Off Limits Tools\Kumori\third_party\osu\osu.Game\Graphics\UserInterface\IconButton.cs(1,1): error IMPORTS: Fix imports ordering. [D:\Off Limits Tools\Kumori\third_party\osu\osu.Game\osu.Game.csproj]
D:\Off Limits Tools\Kumori\third_party\osu\osu.Game\Graphics\UserInterface\LineGraph.cs(1,1): error IMPORTS: Fix imports ordering. [D:\Off Limits Tools\Kumori\third_party\osu\osu.Game\osu.Game.csproj]
D:\Off Limits Tools\Kumori\third_party\osu\osu.Game\Graphics\UserInterface\Nub.cs(1,1): error IMPORTS: Fix imports ordering. [D:\Off Limits Tools\Kumori\third_party\osu\osu.Game\osu.Game.csproj]
D:\Off Limits Tools\Kumori\third_party\osu\osu.Game\Graphics\UserInterface\OsuContextMenu.cs(1,1): error IMPORTS: Fix imports ordering. [D:\Off Limits Tools\Kumori\third_party\osu\osu.Game\osu.Game.csproj]
D:\Off Limits Tools\Kumori\third_party\osu\osu.Game\Graphics\UserInterface\OsuPasswordTextBox.cs(1,1): error IMPORTS: Fix imports ordering. [D:\Off Limits Tools\Kumori\third_party\osu\osu.Game\osu.Game.csproj]
D:\Off Limits Tools\Kumori\third_party\osu\osu.Game\Graphics\UserInterface\OsuTabControl.cs(1,1): error IMPORTS: Fix imports ordering. [D:\Off Limits Tools\Kumori\third_party\osu\osu.Game\osu.Game.csproj]
D:\Off Limits Tools\Kumori\third_party\osu\osu.Game\Graphics\UserInterface\OsuTabControlCheckbox.cs(1,1): error IMPORTS: Fix imports ordering. [D:\Off Limits Tools\Kumori\third_party\osu\osu.Game\osu.Game.csproj]
D:\Off Limits Tools\Kumori\third_party\osu\osu.Game\Graphics\UserInterface\OsuTabDropdown.cs(1,1): error IMPORTS: Fix imports ordering. [D:\Off Limits Tools\Kumori\third_party\osu\osu.Game\osu.Game.csproj]
D:\Off Limits Tools\Kumori\third_party\osu\osu.Game\Graphics\UserInterface\OsuTextBox.cs(1,1): error IMPORTS: Fix imports ordering. [D:\Off Limits Tools\Kumori\third_party\osu\osu.Game\osu.Game.csproj]
D:\Off Limits Tools\Kumori\third_party\osu\osu.Game\Graphics\UserInterface\PageSelector\PageSelector.cs(1,1): error IMPORTS: Fix imports ordering. [D:\Off Limits Tools\Kumori\third_party\osu\osu.Game\osu.Game.csproj]
D:\Off Limits Tools\Kumori\third_party\osu\osu.Game\Graphics\UserInterface\PageSelector\PageSelectorButton.cs(1,1): error IMPORTS: Fix imports ordering. [D:\Off Limits Tools\Kumori\third_party\osu\osu.Game\osu.Game.csproj]
D:\Off Limits Tools\Kumori\third_party\osu\osu.Game\Graphics\UserInterface\PageSelector\PageSelectorPageButton.cs(1,1): error IMPORTS: Fix imports ordering. [D:\Off Limits Tools\Kumori\third_party\osu\osu.Game\osu.Game.csproj]
D:\Off Limits Tools\Kumori\third_party\osu\osu.Game\Graphics\UserInterface\PageTabControl.cs(1,1): error IMPORTS: Fix imports ordering. [D:\Off Limits Tools\Kumori\third_party\osu\osu.Game\osu.Game.csproj]
D:\Off Limits Tools\Kumori\third_party\osu\osu.Game\Graphics\UserInterface\RollingCounter.cs(1,1): error IMPORTS: Fix imports ordering. [D:\Off Limits Tools\Kumori\third_party\osu\osu.Game\osu.Game.csproj]
D:\Off Limits Tools\Kumori\third_party\osu\osu.Game\Graphics\UserInterface\RoundedSliderBar.cs(1,1): error IMPORTS: Fix imports ordering. [D:\Off Limits Tools\Kumori\third_party\osu\osu.Game\osu.Game.csproj]
D:\Off Limits Tools\Kumori\third_party\osu\osu.Game\Graphics\UserInterface\ShearedSliderBar.cs(1,1): error IMPORTS: Fix imports ordering. [D:\Off Limits Tools\Kumori\third_party\osu\osu.Game\osu.Game.csproj]
D:\Off Limits Tools\Kumori\third_party\osu\osu.Game\Graphics\UserInterface\ShowMoreButton.cs(1,1): error IMPORTS: Fix imports ordering. [D:\Off Limits Tools\Kumori\third_party\osu\osu.Game\osu.Game.csproj]
D:\Off Limits Tools\Kumori\third_party\osu\osu.Game\Graphics\UserInterface\StarCounter.cs(1,1): error IMPORTS: Fix imports ordering. [D:\Off Limits Tools\Kumori\third_party\osu\osu.Game\osu.Game.csproj]
D:\Off Limits Tools\Kumori\third_party\osu\osu.Game\Online\API\Requests\CommentVoteRequest.cs(1,1): error IMPORTS: Fix imports ordering. [D:\Off Limits Tools\Kumori\third_party\osu\osu.Game\osu.Game.csproj]
D:\Off Limits Tools\Kumori\third_party\osu\osu.Game\Online\API\Requests\GetScoresRequest.cs(1,1): error IMPORTS: Fix imports ordering. [D:\Off Limits Tools\Kumori\third_party\osu\osu.Game\osu.Game.csproj]
D:\Off Limits Tools\Kumori\third_party\osu\osu.Game\Online\API\Requests\PostBeatmapFavouriteRequest.cs(1,1): error IMPORTS: Fix imports ordering. [D:\Off Limits Tools\Kumori\third_party\osu\osu.Game\osu.Game.csproj]
D:\Off Limits Tools\Kumori\third_party\osu\osu.Game\Online\API\Requests\Responses\APIChangelogBuild.cs(1,1): error IMPORTS: Fix imports ordering. [D:\Off Limits Tools\Kumori\third_party\osu\osu.Game\osu.Game.csproj]
D:\Off Limits Tools\Kumori\third_party\osu\osu.Game\Online\API\Requests\Responses\APINewsPost.cs(1,1): error IMPORTS: Fix imports ordering. [D:\Off Limits Tools\Kumori\third_party\osu\osu.Game\osu.Game.csproj]
D:\Off Limits Tools\Kumori\third_party\osu\osu.Game\Online\API\Requests\Responses\APINewsSidebar.cs(1,1): error IMPORTS: Fix imports ordering. [D:\Off Limits Tools\Kumori\third_party\osu\osu.Game\osu.Game.csproj]
D:\Off Limits Tools\Kumori\third_party\osu\osu.Game\Online\API\Requests\Responses\Comment.cs(1,1): error IMPORTS: Fix imports ordering. [D:\Off Limits Tools\Kumori\third_party\osu\osu.Game\osu.Game.csproj]
D:\Off Limits Tools\Kumori\third_party\osu\osu.Game\Online\API\Requests\Responses\CommentBundle.cs(1,1): error IMPORTS: Fix imports ordering. [D:\Off Limits Tools\Kumori\third_party\osu\osu.Game\osu.Game.csproj]
D:\Off Limits Tools\Kumori\third_party\osu\osu.Game\Online\Leaderboards\Leaderboard.cs(1,1): error IMPORTS: Fix imports ordering. [D:\Off Limits Tools\Kumori\third_party\osu\osu.Game\osu.Game.csproj]
D:\Off Limits Tools\Kumori\third_party\osu\osu.Game\Online\Leaderboards\LeaderboardScore.cs(1,1): error IMPORTS: Fix imports ordering. [D:\Off Limits Tools\Kumori\third_party\osu\osu.Game\osu.Game.csproj]
D:\Off Limits Tools\Kumori\third_party\osu\osu.Game\Online\Leaderboards\LeaderboardScoreTooltip.cs(1,1): error IMPORTS: Fix imports ordering. [D:\Off Limits Tools\Kumori\third_party\osu\osu.Game\osu.Game.csproj]
D:\Off Limits Tools\Kumori\third_party\osu\osu.Game\Overlays\AccountCreation\ScreenEntry.cs(1,1): error IMPORTS: Fix imports ordering. [D:\Off Limits Tools\Kumori\third_party\osu\osu.Game\osu.Game.csproj]
D:\Off Limits Tools\Kumori\third_party\osu\osu.Game\Overlays\AccountCreation\ScreenWarning.cs(1,1): error IMPORTS: Fix imports ordering. [D:\Off Limits Tools\Kumori\third_party\osu\osu.Game\osu.Game.csproj]
D:\Off Limits Tools\Kumori\third_party\osu\osu.Game\Overlays\AccountCreation\ScreenWelcome.cs(1,1): error IMPORTS: Fix imports ordering. [D:\Off Limits Tools\Kumori\third_party\osu\osu.Game\osu.Game.csproj]
D:\Off Limits Tools\Kumori\third_party\osu\osu.Game\Overlays\BeatmapListingOverlay.cs(1,1): error IMPORTS: Fix imports ordering. [D:\Off Limits Tools\Kumori\third_party\osu\osu.Game\osu.Game.csproj]
D:\Off Limits Tools\Kumori\third_party\osu\osu.Game\Overlays\BeatmapListing\BeatmapListingSortTabControl.cs(1,1): error IMPORTS: Fix imports ordering. [D:\Off Limits Tools\Kumori\third_party\osu\osu.Game\osu.Game.csproj]
D:\Off Limits Tools\Kumori\third_party\osu\osu.Game\Overlays\BeatmapListing\BeatmapSearchFilterRow.cs(1,1): error IMPORTS: Fix imports ordering. [D:\Off Limits Tools\Kumori\third_party\osu\osu.Game\osu.Game.csproj]
D:\Off Limits Tools\Kumori\third_party\osu\osu.Game\Overlays\BeatmapSet\AuthorInfo.cs(1,1): error IMPORTS: Fix imports ordering. [D:\Off Limits Tools\Kumori\third_party\osu\osu.Game\osu.Game.csproj]
D:\Off Limits Tools\Kumori\third_party\osu\osu.Game\Overlays\BeatmapSet\BeatmapRulesetSelector.cs(1,1): error IMPORTS: Fix imports ordering. [D:\Off Limits Tools\Kumori\third_party\osu\osu.Game\osu.Game.csproj]
D:\Off Limits Tools\Kumori\third_party\osu\osu.Game\Overlays\BeatmapSet\LeaderboardModSelector.cs(1,1): error IMPORTS: Fix imports ordering. [D:\Off Limits Tools\Kumori\third_party\osu\osu.Game\osu.Game.csproj]
D:\Off Limits Tools\Kumori\third_party\osu\osu.Game\Overlays\BeatmapSet\LeaderboardScopeSelector.cs(1,1): error IMPORTS: Fix imports ordering. [D:\Off Limits Tools\Kumori\third_party\osu\osu.Game\osu.Game.csproj]
D:\Off Limits Tools\Kumori\third_party\osu\osu.Game\Overlays\BeatmapSet\Scores\ScoreTable.cs(1,1): error IMPORTS: Fix imports ordering. [D:\Off Limits Tools\Kumori\third_party\osu\osu.Game\osu.Game.csproj]
D:\Off Limits Tools\Kumori\third_party\osu\osu.Game\Overlays\Changelog\ChangelogBuild.cs(1,1): error IMPORTS: Fix imports ordering. [D:\Off Limits Tools\Kumori\third_party\osu\osu.Game\osu.Game.csproj]
D:\Off Limits Tools\Kumori\third_party\osu\osu.Game\Overlays\Changelog\ChangelogContent.cs(1,1): error IMPORTS: Fix imports ordering. [D:\Off Limits Tools\Kumori\third_party\osu\osu.Game\osu.Game.csproj]
D:\Off Limits Tools\Kumori\third_party\osu\osu.Game\Overlays\Chat\ChannelList\ChannelList.cs(1,1): error IMPORTS: Fix imports ordering. [D:\Off Limits Tools\Kumori\third_party\osu\osu.Game\osu.Game.csproj]
D:\Off Limits Tools\Kumori\third_party\osu\osu.Game\Overlays\Comments\Buttons\ChevronButton.cs(1,1): error IMPORTS: Fix imports ordering. [D:\Off Limits Tools\Kumori\third_party\osu\osu.Game\osu.Game.csproj]
D:\Off Limits Tools\Kumori\third_party\osu\osu.Game\Overlays\Comments\Buttons\ShowMoreRepliesButton.cs(1,1): error IMPORTS: Fix imports ordering. [D:\Off Limits Tools\Kumori\third_party\osu\osu.Game\osu.Game.csproj]
D:\Off Limits Tools\Kumori\third_party\osu\osu.Game\Overlays\Comments\CommentsContainer.cs(1,1): error IMPORTS: Fix imports ordering. [D:\Off Limits Tools\Kumori\third_party\osu\osu.Game\osu.Game.csproj]
D:\Off Limits Tools\Kumori\third_party\osu\osu.Game\Overlays\Comments\CommentsHeader.cs(1,1): error IMPORTS: Fix imports ordering. [D:\Off Limits Tools\Kumori\third_party\osu\osu.Game\osu.Game.csproj]
D:\Off Limits Tools\Kumori\third_party\osu\osu.Game\Overlays\Comments\DeletedCommentsCounter.cs(1,1): error IMPORTS: Fix imports ordering. [D:\Off Limits Tools\Kumori\third_party\osu\osu.Game\osu.Game.csproj]
D:\Off Limits Tools\Kumori\third_party\osu\osu.Game\Overlays\Comments\DrawableComment.cs(1,1): error IMPORTS: Fix imports ordering. [D:\Off Limits Tools\Kumori\third_party\osu\osu.Game\osu.Game.csproj]
D:\Off Limits Tools\Kumori\third_party\osu\osu.Game\Overlays\Comments\HeaderButton.cs(1,1): error IMPORTS: Fix imports ordering. [D:\Off Limits Tools\Kumori\third_party\osu\osu.Game\osu.Game.csproj]
D:\Off Limits Tools\Kumori\third_party\osu\osu.Game\Overlays\Comments\TotalCommentsCounter.cs(1,1): error IMPORTS: Fix imports ordering. [D:\Off Limits Tools\Kumori\third_party\osu\osu.Game\osu.Game.csproj]
D:\Off Limits Tools\Kumori\third_party\osu\osu.Game\Overlays\Comments\VotePill.cs(1,1): error IMPORTS: Fix imports ordering. [D:\Off Limits Tools\Kumori\third_party\osu\osu.Game\osu.Game.csproj]
D:\Off Limits Tools\Kumori\third_party\osu\osu.Game\Overlays\DialogOverlay.cs(1,1): error IMPORTS: Fix imports ordering. [D:\Off Limits Tools\Kumori\third_party\osu\osu.Game\osu.Game.csproj]
D:\Off Limits Tools\Kumori\third_party\osu\osu.Game\Overlays\LoginOverlay.cs(1,1): error IMPORTS: Fix imports ordering. [D:\Off Limits Tools\Kumori\third_party\osu\osu.Game\osu.Game.csproj]
D:\Off Limits Tools\Kumori\third_party\osu\osu.Game\Overlays\Login\LoginForm.cs(1,1): error IMPORTS: Fix imports ordering. [D:\Off Limits Tools\Kumori\third_party\osu\osu.Game\osu.Game.csproj]
D:\Off Limits Tools\Kumori\third_party\osu\osu.Game\Overlays\Login\UserAction.cs(1,1): error IMPORTS: Fix imports ordering. [D:\Off Limits Tools\Kumori\third_party\osu\osu.Game\osu.Game.csproj]
D:\Off Limits Tools\Kumori\third_party\osu\osu.Game\Overlays\MedalAnimation.cs(1,1): error IMPORTS: Fix imports ordering. [D:\Off Limits Tools\Kumori\third_party\osu\osu.Game\osu.Game.csproj]
D:\Off Limits Tools\Kumori\third_party\osu\osu.Game\Overlays\MedalSplash\DrawableMedal.cs(1,1): error IMPORTS: Fix imports ordering. [D:\Off Limits Tools\Kumori\third_party\osu\osu.Game\osu.Game.csproj]
D:\Off Limits Tools\Kumori\third_party\osu\osu.Game\Overlays\Mods\Input\ModSelectHotkeyStyle.cs(1,1): error IMPORTS: Fix imports ordering. [D:\Off Limits Tools\Kumori\third_party\osu\osu.Game\osu.Game.csproj]
D:\Off Limits Tools\Kumori\third_party\osu\osu.Game\Overlays\Mods\ModSelectColumn.cs(1,1): error IMPORTS: Fix imports ordering. [D:\Off Limits Tools\Kumori\third_party\osu\osu.Game\osu.Game.csproj]
D:\Off Limits Tools\Kumori\third_party\osu\osu.Game\Overlays\News\Sidebar\MonthSection.cs(1,1): error IMPORTS: Fix imports ordering. [D:\Off Limits Tools\Kumori\third_party\osu\osu.Game\osu.Game.csproj]
D:\Off Limits Tools\Kumori\third_party\osu\osu.Game\Overlays\News\Sidebar\NewsSidebar.cs(1,1): error IMPORTS: Fix imports ordering. [D:\Off Limits Tools\Kumori\third_party\osu\osu.Game\osu.Game.csproj]
D:\Off Limits Tools\Kumori\third_party\osu\osu.Game\Overlays\Notifications\ProgressCompletionNotification.cs(1,1): error IMPORTS: Fix imports ordering. [D:\Off Limits Tools\Kumori\third_party\osu\osu.Game\osu.Game.csproj]
D:\Off Limits Tools\Kumori\third_party\osu\osu.Game\Overlays\OverlayPanelDisplayStyleControl.cs(1,1): error IMPORTS: Fix imports ordering. [D:\Off Limits Tools\Kumori\third_party\osu\osu.Game\osu.Game.csproj]
D:\Off Limits Tools\Kumori\third_party\osu\osu.Game\Overlays\OverlayRulesetTabItem.cs(1,1): error IMPORTS: Fix imports ordering. [D:\Off Limits Tools\Kumori\third_party\osu\osu.Game\osu.Game.csproj]
D:\Off Limits Tools\Kumori\third_party\osu\osu.Game\Overlays\OverlaySortTabControl.cs(1,1): error IMPORTS: Fix imports ordering. [D:\Off Limits Tools\Kumori\third_party\osu\osu.Game\osu.Game.csproj]
D:\Off Limits Tools\Kumori\third_party\osu\osu.Game\Overlays\OverlayStreamControl.cs(1,1): error IMPORTS: Fix imports ordering. [D:\Off Limits Tools\Kumori\third_party\osu\osu.Game\osu.Game.csproj]
D:\Off Limits Tools\Kumori\third_party\osu\osu.Game\Overlays\OverlayStreamItem.cs(1,1): error IMPORTS: Fix imports ordering. [D:\Off Limits Tools\Kumori\third_party\osu\osu.Game\osu.Game.csproj]
D:\Off Limits Tools\Kumori\third_party\osu\osu.Game\Overlays\Profile\Sections\CounterPill.cs(1,1): error IMPORTS: Fix imports ordering. [D:\Off Limits Tools\Kumori\third_party\osu\osu.Game\osu.Game.csproj]
D:\Off Limits Tools\Kumori\third_party\osu\osu.Game\Overlays\Profile\Sections\Historical\DrawableMostPlayedBeatmap.cs(1,1): error IMPORTS: Fix imports ordering. [D:\Off Limits Tools\Kumori\third_party\osu\osu.Game\osu.Game.csproj]
D:\Off Limits Tools\Kumori\third_party\osu\osu.Game\Overlays\Profile\Sections\Historical\ProfileLineChart.cs(1,1): error IMPORTS: Fix imports ordering. [D:\Off Limits Tools\Kumori\third_party\osu\osu.Game\osu.Game.csproj]
D:\Off Limits Tools\Kumori\third_party\osu\osu.Game\Overlays\Profile\Sections\KudosuSection.cs(1,1): error IMPORTS: Fix imports ordering. [D:\Off Limits Tools\Kumori\third_party\osu\osu.Game\osu.Game.csproj]
D:\Off Limits Tools\Kumori\third_party\osu\osu.Game\Overlays\Profile\Sections\Kudosu\DrawableKudosuHistoryItem.cs(1,1): error IMPORTS: Fix imports ordering. [D:\Off Limits Tools\Kumori\third_party\osu\osu.Game\osu.Game.csproj]
D:\Off Limits Tools\Kumori\third_party\osu\osu.Game\Overlays\Profile\Sections\Kudosu\KudosuInfo.cs(1,1): error IMPORTS: Fix imports ordering. [D:\Off Limits Tools\Kumori\third_party\osu\osu.Game\osu.Game.csproj]
D:\Off Limits Tools\Kumori\third_party\osu\osu.Game\Overlays\Profile\Sections\Kudosu\PaginatedKudosuHistoryContainer.cs(1,1): error IMPORTS: Fix imports ordering. [D:\Off Limits Tools\Kumori\third_party\osu\osu.Game\osu.Game.csproj]
D:\Off Limits Tools\Kumori\third_party\osu\osu.Game\Overlays\Profile\Sections\PaginatedProfileSubsection.cs(1,1): error IMPORTS: Fix imports ordering. [D:\Off Limits Tools\Kumori\third_party\osu\osu.Game\osu.Game.csproj]
D:\Off Limits Tools\Kumori\third_party\osu\osu.Game\Overlays\Profile\Sections\ProfileSubsectionHeader.cs(1,1): error IMPORTS: Fix imports ordering. [D:\Off Limits Tools\Kumori\third_party\osu\osu.Game\osu.Game.csproj]
D:\Off Limits Tools\Kumori\third_party\osu\osu.Game\Overlays\Profile\Sections\RanksSection.cs(1,1): error IMPORTS: Fix imports ordering. [D:\Off Limits Tools\Kumori\third_party\osu\osu.Game\osu.Game.csproj]
D:\Off Limits Tools\Kumori\third_party\osu\osu.Game\Overlays\Profile\Sections\Ranks\PaginatedScoreContainer.cs(1,1): error IMPORTS: Fix imports ordering. [D:\Off Limits Tools\Kumori\third_party\osu\osu.Game\osu.Game.csproj]
D:\Off Limits Tools\Kumori\third_party\osu\osu.Game\Overlays\Profile\Sections\Recent\MedalIcon.cs(1,1): error IMPORTS: Fix imports ordering. [D:\Off Limits Tools\Kumori\third_party\osu\osu.Game\osu.Game.csproj]
D:\Off Limits Tools\Kumori\third_party\osu\osu.Game\Overlays\Profile\Sections\Recent\PaginatedRecentActivityContainer.cs(1,1): error IMPORTS: Fix imports ordering. [D:\Off Limits Tools\Kumori\third_party\osu\osu.Game\osu.Game.csproj]
D:\Off Limits Tools\Kumori\third_party\osu\osu.Game\Overlays\Profile\Sections\Recent\RecentActivityIcon.cs(1,1): error IMPORTS: Fix imports ordering. [D:\Off Limits Tools\Kumori\third_party\osu\osu.Game\osu.Game.csproj]
D:\Off Limits Tools\Kumori\third_party\osu\osu.Game\Overlays\RankingsOverlay.cs(1,1): error IMPORTS: Fix imports ordering. [D:\Off Limits Tools\Kumori\third_party\osu\osu.Game\osu.Game.csproj]
D:\Off Limits Tools\Kumori\third_party\osu\osu.Game\Overlays\Rankings\SpotlightSelector.cs(1,1): error IMPORTS: Fix imports ordering. [D:\Off Limits Tools\Kumori\third_party\osu\osu.Game\osu.Game.csproj]
D:\Off Limits Tools\Kumori\third_party\osu\osu.Game\Overlays\Rankings\Tables\CountriesTable.cs(1,1): error IMPORTS: Fix imports ordering. [D:\Off Limits Tools\Kumori\third_party\osu\osu.Game\osu.Game.csproj]
D:\Off Limits Tools\Kumori\third_party\osu\osu.Game\Overlays\Rankings\Tables\RankingsTable.cs(1,1): error IMPORTS: Fix imports ordering. [D:\Off Limits Tools\Kumori\third_party\osu\osu.Game\osu.Game.csproj]
D:\Off Limits Tools\Kumori\third_party\osu\osu.Game\Overlays\Rankings\Tables\UserBasedTable.cs(1,1): error IMPORTS: Fix imports ordering. [D:\Off Limits Tools\Kumori\third_party\osu\osu.Game\osu.Game.csproj]
D:\Off Limits Tools\Kumori\third_party\osu\osu.Game\Overlays\SettingsPanel.cs(1,1): error IMPORTS: Fix imports ordering. [D:\Off Limits Tools\Kumori\third_party\osu\osu.Game\osu.Game.csproj]
D:\Off Limits Tools\Kumori\third_party\osu\osu.Game\Overlays\Settings\Sections\AudioSection.cs(1,1): error IMPORTS: Fix imports ordering. [D:\Off Limits Tools\Kumori\third_party\osu\osu.Game\osu.Game.csproj]
D:\Off Limits Tools\Kumori\third_party\osu\osu.Game\Overlays\Settings\Sections\Audio\AudioDevicesSettings.cs(1,1): error IMPORTS: Fix imports ordering. [D:\Off Limits Tools\Kumori\third_party\osu\osu.Game\osu.Game.csproj]
D:\Off Limits Tools\Kumori\third_party\osu\osu.Game\Overlays\Settings\Sections\InputSubsection.cs(1,1): error IMPORTS: Fix imports ordering. [D:\Off Limits Tools\Kumori\third_party\osu\osu.Game\osu.Game.csproj]
D:\Off Limits Tools\Kumori\third_party\osu\osu.Game\Overlays\Settings\Sections\Input\TabletSettings.cs(1,1): error IMPORTS: Fix imports ordering. [D:\Off Limits Tools\Kumori\third_party\osu\osu.Game\osu.Game.csproj]
D:\Off Limits Tools\Kumori\third_party\osu\osu.Game\Overlays\Settings\Sections\Maintenance\DirectorySelectScreen.cs(1,1): error IMPORTS: Fix imports ordering. [D:\Off Limits Tools\Kumori\third_party\osu\osu.Game\osu.Game.csproj]
D:\Off Limits Tools\Kumori\third_party\osu\osu.Game\Overlays\Settings\Sections\Maintenance\ModPresetSettings.cs(1,1): error IMPORTS: Fix imports ordering. [D:\Off Limits Tools\Kumori\third_party\osu\osu.Game\osu.Game.csproj]
D:\Off Limits Tools\Kumori\third_party\osu\osu.Game\Overlays\Settings\Sections\SizeSlider.cs(1,1): error IMPORTS: Fix imports ordering. [D:\Off Limits Tools\Kumori\third_party\osu\osu.Game\osu.Game.csproj]
D:\Off Limits Tools\Kumori\third_party\osu\osu.Game\Overlays\Settings\SettingsItem.cs(1,1): error IMPORTS: Fix imports ordering. [D:\Off Limits Tools\Kumori\third_party\osu\osu.Game\osu.Game.csproj]
D:\Off Limits Tools\Kumori\third_party\osu\osu.Game\Overlays\Settings\SettingsSubsection.cs(1,1): error IMPORTS: Fix imports ordering. [D:\Off Limits Tools\Kumori\third_party\osu\osu.Game\osu.Game.csproj]
D:\Off Limits Tools\Kumori\third_party\osu\osu.Game\Overlays\Settings\SidebarIconButton.cs(1,1): error IMPORTS: Fix imports ordering. [D:\Off Limits Tools\Kumori\third_party\osu\osu.Game\osu.Game.csproj]
D:\Off Limits Tools\Kumori\third_party\osu\osu.Game\Overlays\SkinEditor\SkinBlueprint.cs(1,1): error IMPORTS: Fix imports ordering. [D:\Off Limits Tools\Kumori\third_party\osu\osu.Game\osu.Game.csproj]
D:\Off Limits Tools\Kumori\third_party\osu\osu.Game\Overlays\SkinEditor\SkinEditor.cs(1,1): error IMPORTS: Fix imports ordering. [D:\Off Limits Tools\Kumori\third_party\osu\osu.Game\osu.Game.csproj]
D:\Off Limits Tools\Kumori\third_party\osu\osu.Game\Overlays\SkinEditor\SkinSelectionHandler.cs(1,1): error IMPORTS: Fix imports ordering. [D:\Off Limits Tools\Kumori\third_party\osu\osu.Game\osu.Game.csproj]
D:\Off Limits Tools\Kumori\third_party\osu\osu.Game\Overlays\Toolbar\Toolbar.cs(1,1): error IMPORTS: Fix imports ordering. [D:\Off Limits Tools\Kumori\third_party\osu\osu.Game\osu.Game.csproj]
D:\Off Limits Tools\Kumori\third_party\osu\osu.Game\Overlays\WaveOverlayContainer.cs(1,1): error IMPORTS: Fix imports ordering. [D:\Off Limits Tools\Kumori\third_party\osu\osu.Game\osu.Game.csproj]
D:\Off Limits Tools\Kumori\third_party\osu\osu.Game\Overlays\Wiki\WikiMainPage.cs(1,1): error IMPORTS: Fix imports ordering. [D:\Off Limits Tools\Kumori\third_party\osu\osu.Game\osu.Game.csproj]
D:\Off Limits Tools\Kumori\third_party\osu\osu.Game\Rulesets\Edit\Checks\CheckConcurrentObjects.cs(1,1): error IMPORTS: Fix imports ordering. [D:\Off Limits Tools\Kumori\third_party\osu\osu.Game\osu.Game.csproj]
D:\Off Limits Tools\Kumori\third_party\osu\osu.Game\Rulesets\Mods\ModAccuracyChallenge.cs(1,1): error IMPORTS: Fix imports ordering. [D:\Off Limits Tools\Kumori\third_party\osu\osu.Game\osu.Game.csproj]
D:\Off Limits Tools\Kumori\third_party\osu\osu.Game\Rulesets\Mods\ModHidden.cs(1,1): error IMPORTS: Fix imports ordering. [D:\Off Limits Tools\Kumori\third_party\osu\osu.Game\osu.Game.csproj]
D:\Off Limits Tools\Kumori\third_party\osu\osu.Game\Rulesets\Objects\Legacy\ConvertHitObjectParser.cs(1,1): error IMPORTS: Fix imports ordering. [D:\Off Limits Tools\Kumori\third_party\osu\osu.Game\osu.Game.csproj]
D:\Off Limits Tools\Kumori\third_party\osu\osu.Game\Rulesets\Objects\Legacy\ConvertSlider.cs(1,1): error IMPORTS: Fix imports ordering. [D:\Off Limits Tools\Kumori\third_party\osu\osu.Game\osu.Game.csproj]
D:\Off Limits Tools\Kumori\third_party\osu\osu.Game\Rulesets\Objects\Types\IHasRepeats.cs(1,1): error IMPORTS: Fix imports ordering. [D:\Off Limits Tools\Kumori\third_party\osu\osu.Game\osu.Game.csproj]
D:\Off Limits Tools\Kumori\third_party\osu\osu.Game\Rulesets\UI\Playfield.cs(1,1): error IMPORTS: Fix imports ordering. [D:\Off Limits Tools\Kumori\third_party\osu\osu.Game\osu.Game.csproj]
D:\Off Limits Tools\Kumori\third_party\osu\osu.Game\Scoring\ScoreImporter.cs(1,1): error IMPORTS: Fix imports ordering. [D:\Off Limits Tools\Kumori\third_party\osu\osu.Game\osu.Game.csproj]
D:\Off Limits Tools\Kumori\third_party\osu\osu.Game\Screens\BackgroundScreen.cs(1,1): error IMPORTS: Fix imports ordering. [D:\Off Limits Tools\Kumori\third_party\osu\osu.Game\osu.Game.csproj]
D:\Off Limits Tools\Kumori\third_party\osu\osu.Game\Screens\Edit\Components\PlaybackControl.cs(1,1): error IMPORTS: Fix imports ordering. [D:\Off Limits Tools\Kumori\third_party\osu\osu.Game\osu.Game.csproj]
D:\Off Limits Tools\Kumori\third_party\osu\osu.Game\Screens\Edit\Components\TimeInfoContainer.cs(1,1): error IMPORTS: Fix imports ordering. [D:\Off Limits Tools\Kumori\third_party\osu\osu.Game\osu.Game.csproj]
D:\Off Limits Tools\Kumori\third_party\osu\osu.Game\Screens\Edit\Components\Timelines\Summary\Parts\TimelinePart.cs(1,1): error IMPORTS: Fix imports ordering. [D:\Off Limits Tools\Kumori\third_party\osu\osu.Game\osu.Game.csproj]
D:\Off Limits Tools\Kumori\third_party\osu\osu.Game\Screens\Edit\CreateNewDifficultyDialog.cs(1,1): error IMPORTS: Fix imports ordering. [D:\Off Limits Tools\Kumori\third_party\osu\osu.Game\osu.Game.csproj]
D:\Off Limits Tools\Kumori\third_party\osu\osu.Game\Screens\Edit\PromptForSaveDialog.cs(1,1): error IMPORTS: Fix imports ordering. [D:\Off Limits Tools\Kumori\third_party\osu\osu.Game\osu.Game.csproj]
D:\Off Limits Tools\Kumori\third_party\osu\osu.Game\Screens\Edit\SaveAndReloadEditorDialog.cs(1,1): error IMPORTS: Fix imports ordering. [D:\Off Limits Tools\Kumori\third_party\osu\osu.Game\osu.Game.csproj]
D:\Off Limits Tools\Kumori\third_party\osu\osu.Game\Screens\Edit\Setup\DesignSection.cs(1,1): error IMPORTS: Fix imports ordering. [D:\Off Limits Tools\Kumori\third_party\osu\osu.Game\osu.Game.csproj]
D:\Off Limits Tools\Kumori\third_party\osu\osu.Game\Screens\Edit\Setup\DifficultySection.cs(1,1): error IMPORTS: Fix imports ordering. [D:\Off Limits Tools\Kumori\third_party\osu\osu.Game\osu.Game.csproj]
D:\Off Limits Tools\Kumori\third_party\osu\osu.Game\Screens\Edit\Setup\FormBeatmapFileSelector.cs(1,1): error IMPORTS: Fix imports ordering. [D:\Off Limits Tools\Kumori\third_party\osu\osu.Game\osu.Game.csproj]
D:\Off Limits Tools\Kumori\third_party\osu\osu.Game\Screens\Edit\Setup\RulesetSetupSection.cs(1,1): error IMPORTS: Fix imports ordering. [D:\Off Limits Tools\Kumori\third_party\osu\osu.Game\osu.Game.csproj]
D:\Off Limits Tools\Kumori\third_party\osu\osu.Game\Screens\Edit\Setup\SetupScreenHeader.cs(1,1): error IMPORTS: Fix imports ordering. [D:\Off Limits Tools\Kumori\third_party\osu\osu.Game\osu.Game.csproj]
D:\Off Limits Tools\Kumori\third_party\osu\osu.Game\Screens\Edit\Submission\BeatmapSubmissionOverlay.cs(1,1): error IMPORTS: Fix imports ordering. [D:\Off Limits Tools\Kumori\third_party\osu\osu.Game\osu.Game.csproj]
D:\Off Limits Tools\Kumori\third_party\osu\osu.Game\Screens\Edit\Timing\IndeterminateSliderWithTextBoxInput.cs(1,1): error IMPORTS: Fix imports ordering. [D:\Off Limits Tools\Kumori\third_party\osu\osu.Game\osu.Game.csproj]
D:\Off Limits Tools\Kumori\third_party\osu\osu.Game\Screens\Loader.cs(1,1): error IMPORTS: Fix imports ordering. [D:\Off Limits Tools\Kumori\third_party\osu\osu.Game\osu.Game.csproj]
D:\Off Limits Tools\Kumori\third_party\osu\osu.Game\Screens\Menu\IntroCircles.cs(1,1): error IMPORTS: Fix imports ordering. [D:\Off Limits Tools\Kumori\third_party\osu\osu.Game\osu.Game.csproj]
D:\Off Limits Tools\Kumori\third_party\osu\osu.Game\Screens\Menu\IntroSequence.cs(1,1): error IMPORTS: Fix imports ordering. [D:\Off Limits Tools\Kumori\third_party\osu\osu.Game\osu.Game.csproj]
D:\Off Limits Tools\Kumori\third_party\osu\osu.Game\Screens\Menu\MainMenuButton.cs(1,1): error IMPORTS: Fix imports ordering. [D:\Off Limits Tools\Kumori\third_party\osu\osu.Game\osu.Game.csproj]
D:\Off Limits Tools\Kumori\third_party\osu\osu.Game\Screens\Menu\MenuTipDisplay.cs(1,1): error IMPORTS: Fix imports ordering. [D:\Off Limits Tools\Kumori\third_party\osu\osu.Game\osu.Game.csproj]
D:\Off Limits Tools\Kumori\third_party\osu\osu.Game\Screens\Menu\SongTicker.cs(1,1): error IMPORTS: Fix imports ordering. [D:\Off Limits Tools\Kumori\third_party\osu\osu.Game\osu.Game.csproj]
D:\Off Limits Tools\Kumori\third_party\osu\osu.Game\Screens\OnlinePlay\DailyChallenge\NewDailyChallengeNotification.cs(1,1): error IMPORTS: Fix imports ordering. [D:\Off Limits Tools\Kumori\third_party\osu\osu.Game\osu.Game.csproj]
D:\Off Limits Tools\Kumori\third_party\osu\osu.Game\Screens\OnlinePlay\DrawableRoomPlaylistItem.cs(1,1): error IMPORTS: Fix imports ordering. [D:\Off Limits Tools\Kumori\third_party\osu\osu.Game\osu.Game.csproj]
D:\Off Limits Tools\Kumori\third_party\osu\osu.Game\Screens\OnlinePlay\FreeModSelectOverlay.cs(1,1): error IMPORTS: Fix imports ordering. [D:\Off Limits Tools\Kumori\third_party\osu\osu.Game\osu.Game.csproj]
D:\Off Limits Tools\Kumori\third_party\osu\osu.Game\Screens\OnlinePlay\Lounge\Components\RoomStatusPill.cs(1,1): error IMPORTS: Fix imports ordering. [D:\Off Limits Tools\Kumori\third_party\osu\osu.Game\osu.Game.csproj]
D:\Off Limits Tools\Kumori\third_party\osu\osu.Game\Screens\OnlinePlay\Lounge\LoungeSubScreen.cs(1,1): error IMPORTS: Fix imports ordering. [D:\Off Limits Tools\Kumori\third_party\osu\osu.Game\osu.Game.csproj]
D:\Off Limits Tools\Kumori\third_party\osu\osu.Game\Screens\OnlinePlay\Matchmaking\RankedPlay\GameplayWarmupScreen.cs(1,1): error IMPORTS: Fix imports ordering. [D:\Off Limits Tools\Kumori\third_party\osu\osu.Game\osu.Game.csproj]
D:\Off Limits Tools\Kumori\third_party\osu\osu.Game\Screens\OnlinePlay\Multiplayer\MultiplayerLoungeSubScreen.cs(1,1): error IMPORTS: Fix imports ordering. [D:\Off Limits Tools\Kumori\third_party\osu\osu.Game\osu.Game.csproj]
D:\Off Limits Tools\Kumori\third_party\osu\osu.Game\Screens\OnlinePlay\Playlists\PlaylistsRoomSettingsOverlay.cs(1,1): error IMPORTS: Fix imports ordering. [D:\Off Limits Tools\Kumori\third_party\osu\osu.Game\osu.Game.csproj]
D:\Off Limits Tools\Kumori\third_party\osu\osu.Game\Screens\Play\FailOverlay.cs(1,1): error IMPORTS: Fix imports ordering. [D:\Off Limits Tools\Kumori\third_party\osu\osu.Game\osu.Game.csproj]
D:\Off Limits Tools\Kumori\third_party\osu\osu.Game\Screens\Play\HUD\ArgonSongProgressGraph.cs(1,1): error IMPORTS: Fix imports ordering. [D:\Off Limits Tools\Kumori\third_party\osu\osu.Game\osu.Game.csproj]
D:\Off Limits Tools\Kumori\third_party\osu\osu.Game\Screens\Play\HUD\DefaultHealthDisplay.cs(1,1): error IMPORTS: Fix imports ordering. [D:\Off Limits Tools\Kumori\third_party\osu\osu.Game\osu.Game.csproj]
D:\Off Limits Tools\Kumori\third_party\osu\osu.Game\Screens\Play\HUD\DefaultRankDisplay.cs(1,1): error IMPORTS: Fix imports ordering. [D:\Off Limits Tools\Kumori\third_party\osu\osu.Game\osu.Game.csproj]
D:\Off Limits Tools\Kumori\third_party\osu\osu.Game\Screens\Play\HUD\DefaultSongProgressBar.cs(1,1): error IMPORTS: Fix imports ordering. [D:\Off Limits Tools\Kumori\third_party\osu\osu.Game\osu.Game.csproj]
D:\Off Limits Tools\Kumori\third_party\osu\osu.Game\Screens\Play\HUD\DefaultSongProgressGraph.cs(1,1): error IMPORTS: Fix imports ordering. [D:\Off Limits Tools\Kumori\third_party\osu\osu.Game\osu.Game.csproj]
D:\Off Limits Tools\Kumori\third_party\osu\osu.Game\Screens\Play\HUD\SongProgressInfo.cs(1,1): error IMPORTS: Fix imports ordering. [D:\Off Limits Tools\Kumori\third_party\osu\osu.Game\osu.Game.csproj]
D:\Off Limits Tools\Kumori\third_party\osu\osu.Game\Screens\Play\ReplayFailIndicator.cs(1,1): error IMPORTS: Fix imports ordering. [D:\Off Limits Tools\Kumori\third_party\osu\osu.Game\osu.Game.csproj]
D:\Off Limits Tools\Kumori\third_party\osu\osu.Game\Screens\Play\SaveFailedScoreButton.cs(1,1): error IMPORTS: Fix imports ordering. [D:\Off Limits Tools\Kumori\third_party\osu\osu.Game\osu.Game.csproj]
D:\Off Limits Tools\Kumori\third_party\osu\osu.Game\Screens\Play\SquareGraph.cs(1,1): error IMPORTS: Fix imports ordering. [D:\Off Limits Tools\Kumori\third_party\osu\osu.Game\osu.Game.csproj]
D:\Off Limits Tools\Kumori\third_party\osu\osu.Game\Screens\Ranking\Expanded\Statistics\PerformanceStatistic.cs(1,1): error IMPORTS: Fix imports ordering. [D:\Off Limits Tools\Kumori\third_party\osu\osu.Game\osu.Game.csproj]
D:\Off Limits Tools\Kumori\third_party\osu\osu.Game\Screens\Ranking\Statistics\AverageHitError.cs(1,1): error IMPORTS: Fix imports ordering. [D:\Off Limits Tools\Kumori\third_party\osu\osu.Game\osu.Game.csproj]
D:\Off Limits Tools\Kumori\third_party\osu\osu.Game\Screens\ScreenWhiteBox.cs(1,1): error IMPORTS: Fix imports ordering. [D:\Off Limits Tools\Kumori\third_party\osu\osu.Game\osu.Game.csproj]
D:\Off Limits Tools\Kumori\third_party\osu\osu.Game\Skinning\LegacyKeyCounterDisplay.cs(1,1): error IMPORTS: Fix imports ordering. [D:\Off Limits Tools\Kumori\third_party\osu\osu.Game\osu.Game.csproj]
D:\Off Limits Tools\Kumori\third_party\osu\osu.Game\Storyboards\StoryboardAnimation.cs(1,1): error IMPORTS: Fix imports ordering. [D:\Off Limits Tools\Kumori\third_party\osu\osu.Game\osu.Game.csproj]
D:\Off Limits Tools\Kumori\third_party\osu\osu.Game\Storyboards\StoryboardLayer.cs(1,1): error IMPORTS: Fix imports ordering. [D:\Off Limits Tools\Kumori\third_party\osu\osu.Game\osu.Game.csproj]
D:\Off Limits Tools\Kumori\third_party\osu\osu.Game\Users\ExtendedUserPanel.cs(1,1): error IMPORTS: Fix imports ordering. [D:\Off Limits Tools\Kumori\third_party\osu\osu.Game\osu.Game.csproj]
D:\Off Limits Tools\Kumori\third_party\osu\osu.Game\Users\UserPanel.cs(1,1): error IMPORTS: Fix imports ordering. [D:\Off Limits Tools\Kumori\third_party\osu\osu.Game\osu.Game.csproj]
D:\Off Limits Tools\Kumori\third_party\osu\osu.Game\Users\UserStatus.cs(1,1): error IMPORTS: Fix imports ordering. [D:\Off Limits Tools\Kumori\third_party\osu\osu.Game\osu.Game.csproj]
D:\Off Limits Tools\Kumori\third_party\osu\osu.Game.Rulesets.Osu\Beatmaps\OsuBeatmapConverter.cs(1,1): error IMPORTS: Fix imports ordering. [D:\Off Limits Tools\Kumori\third_party\osu\osu.Game.Rulesets.Osu\osu.Game.Rulesets.Osu.csproj]
D:\Off Limits Tools\Kumori\third_party\osu\osu.Game.Rulesets.Osu\Edit\PreciseMovementPopover.cs(1,1): error IMPORTS: Fix imports ordering. [D:\Off Limits Tools\Kumori\third_party\osu\osu.Game.Rulesets.Osu\osu.Game.Rulesets.Osu.csproj]
D:\Off Limits Tools\Kumori\third_party\osu\osu.Game.Rulesets.Osu\Mods\OsuModHidden.cs(1,1): error IMPORTS: Fix imports ordering. [D:\Off Limits Tools\Kumori\third_party\osu\osu.Game.Rulesets.Osu\osu.Game.Rulesets.Osu.csproj]
D:\Off Limits Tools\Kumori\third_party\osu\osu.Game.Rulesets.Osu\Objects\Drawables\Connections\FollowPoint.cs(1,1): error IMPORTS: Fix imports ordering. [D:\Off Limits Tools\Kumori\third_party\osu\osu.Game.Rulesets.Osu\osu.Game.Rulesets.Osu.csproj]
D:\Off Limits Tools\Kumori\third_party\osu\osu.Game.Rulesets.Osu\Objects\Drawables\DrawableSliderBall.cs(1,1): error IMPORTS: Fix imports ordering. [D:\Off Limits Tools\Kumori\third_party\osu\osu.Game.Rulesets.Osu\osu.Game.Rulesets.Osu.csproj]
D:\Off Limits Tools\Kumori\third_party\osu\osu.Game.Rulesets.Osu\Objects\Drawables\DrawableSliderTick.cs(1,1): error IMPORTS: Fix imports ordering. [D:\Off Limits Tools\Kumori\third_party\osu\osu.Game.Rulesets.Osu\osu.Game.Rulesets.Osu.csproj]
D:\Off Limits Tools\Kumori\third_party\osu\osu.Game.Rulesets.Osu\Objects\Slider.cs(1,1): error IMPORTS: Fix imports ordering. [D:\Off Limits Tools\Kumori\third_party\osu\osu.Game.Rulesets.Osu\osu.Game.Rulesets.Osu.csproj]
D:\Off Limits Tools\Kumori\third_party\osu\osu.Game.Rulesets.Osu\Replays\OsuAutoGenerator.cs(1,1): error IMPORTS: Fix imports ordering. [D:\Off Limits Tools\Kumori\third_party\osu\osu.Game.Rulesets.Osu\osu.Game.Rulesets.Osu.csproj]
D:\Off Limits Tools\Kumori\third_party\osu\osu.Game.Rulesets.Osu\Replays\OsuAutoGeneratorBase.cs(1,1): error IMPORTS: Fix imports ordering. [D:\Off Limits Tools\Kumori\third_party\osu\osu.Game.Rulesets.Osu\osu.Game.Rulesets.Osu.csproj]
D:\Off Limits Tools\Kumori\third_party\osu\osu.Game.Rulesets.Osu\Utils\OsuHitObjectGenerationUtils.cs(1,1): error IMPORTS: Fix imports ordering. [D:\Off Limits Tools\Kumori\third_party\osu\osu.Game.Rulesets.Osu\osu.Game.Rulesets.Osu.csproj]
D:\Off Limits Tools\Kumori\third_party\osu\osu.Game\Extensions\TypeExtensions.cs(25,13): warning IDE0270: Null check can be simplified [D:\Off Limits Tools\Kumori\third_party\osu\osu.Game\osu.Game.csproj]
D:\Off Limits Tools\Kumori\third_party\osu\osu.Game\Beatmaps\WorkingBeatmap.cs(281,13): warning IDE0270: Null check can be simplified [D:\Off Limits Tools\Kumori\third_party\osu\osu.Game\osu.Game.csproj]
D:\Off Limits Tools\Kumori\third_party\osu\osu.Game\Graphics\UserInterface\SegmentedGraph.cs(287,17): warning IDE0270: Null check can be simplified [D:\Off Limits Tools\Kumori\third_party\osu\osu.Game\osu.Game.csproj]
D:\Off Limits Tools\Kumori\third_party\osu\osu.Game\Database\LegacyBeatmapExporter.cs(241,21): warning IDE0270: Null check can be simplified [D:\Off Limits Tools\Kumori\third_party\osu\osu.Game\osu.Game.csproj]
D:\Off Limits Tools\Kumori\third_party\osu\osu.Game\Online\Rooms\MultiplayerScore.cs(89,13): warning IDE0270: Null check can be simplified [D:\Off Limits Tools\Kumori\third_party\osu\osu.Game\osu.Game.csproj]
D:\Off Limits Tools\Kumori\third_party\osu\osu.Game\Beatmaps\BeatmapManager.cs(135,13): warning IDE0270: Null check can be simplified [D:\Off Limits Tools\Kumori\third_party\osu\osu.Game\osu.Game.csproj]
D:\Off Limits Tools\Kumori\third_party\osu\osu.Game\Beatmaps\BeatmapManager.cs(346,66): warning IDE0001: Name can be simplified [D:\Off Limits Tools\Kumori\third_party\osu\osu.Game\osu.Game.csproj]
D:\Off Limits Tools\Kumori\third_party\osu\osu.Game\Scoring\Legacy\LegacyScoreDecoder.cs(357,13): warning IDE0270: Null check can be simplified [D:\Off Limits Tools\Kumori\third_party\osu\osu.Game\osu.Game.csproj]
D:\Off Limits Tools\Kumori\third_party\osu\osu.Game\Scoring\Legacy\LegacyScoreDecoder.cs(304,17): warning IDE0018: Variable declaration can be inlined [D:\Off Limits Tools\Kumori\third_party\osu\osu.Game\osu.Game.csproj]
D:\Off Limits Tools\Kumori\third_party\osu\osu.Game\Rulesets\RulesetInfo.cs(104,13): warning IDE0270: Null check can be simplified [D:\Off Limits Tools\Kumori\third_party\osu\osu.Game\osu.Game.csproj]
D:\Off Limits Tools\Kumori\third_party\osu\osu.Game\Rulesets\RulesetInfo.cs(109,13): warning IDE0270: Null check can be simplified [D:\Off Limits Tools\Kumori\third_party\osu\osu.Game\osu.Game.csproj]
D:\Off Limits Tools\Kumori\third_party\osu\osu.Game\Rulesets\RulesetInfo.cs(107,13): warning IDE0019: Use pattern matching [D:\Off Limits Tools\Kumori\third_party\osu\osu.Game\osu.Game.csproj]
D:\Off Limits Tools\Kumori\third_party\osu\osu.Game\Tests\Visual\Multiplayer\TestMultiplayerClient.cs(565,13): warning IDE0270: Null check can be simplified [D:\Off Limits Tools\Kumori\third_party\osu\osu.Game\osu.Game.csproj]
D:\Off Limits Tools\Kumori\third_party\osu\osu.Game\Tests\Visual\Multiplayer\TestMultiplayerClient.cs(592,13): warning IDE0270: Null check can be simplified [D:\Off Limits Tools\Kumori\third_party\osu\osu.Game\osu.Game.csproj]
D:\Off Limits Tools\Kumori\third_party\osu\osu.Game\Rulesets\Scoring\JudgementProcessor.cs(155,17): warning IDE0270: Null check can be simplified [D:\Off Limits Tools\Kumori\third_party\osu\osu.Game\osu.Game.csproj]
D:\Off Limits Tools\Kumori\third_party\osu\osu.Game\Screens\Ranking\ScorePanelList.cs(271,13): warning IDE0270: Null check can be simplified [D:\Off Limits Tools\Kumori\third_party\osu\osu.Game\osu.Game.csproj]
D:\Off Limits Tools\Kumori\third_party\osu\osu.Game\Screens\Ranking\ScorePanelList.cs(285,13): warning IDE0270: Null check can be simplified [D:\Off Limits Tools\Kumori\third_party\osu\osu.Game\osu.Game.csproj]
D:\Off Limits Tools\Kumori\third_party\osu\osu.Game\Screens\Play\Player.cs(604,17): warning IDE0270: Null check can be simplified [D:\Off Limits Tools\Kumori\third_party\osu\osu.Game\osu.Game.csproj]
D:\Off Limits Tools\Kumori\third_party\osu\osu.Game\Utils\TagLibUtils.cs(14,34): warning IDE0001: Name can be simplified [D:\Off Limits Tools\Kumori\third_party\osu\osu.Game\osu.Game.csproj]
D:\Off Limits Tools\Kumori\third_party\osu\osu.Game\Utils\TagLibUtils.cs(16,37): warning IDE0001: Name can be simplified [D:\Off Limits Tools\Kumori\third_party\osu\osu.Game\osu.Game.csproj]
D:\Off Limits Tools\Kumori\third_party\osu\osu.Game\Utils\TagLibUtils.cs(25,34): warning IDE0001: Name can be simplified [D:\Off Limits Tools\Kumori\third_party\osu\osu.Game\osu.Game.csproj]
D:\Off Limits Tools\Kumori\third_party\osu\osu.Game\Utils\TagLibUtils.cs(28,37): warning IDE0001: Name can be simplified [D:\Off Limits Tools\Kumori\third_party\osu\osu.Game\osu.Game.csproj]
D:\Off Limits Tools\Kumori\third_party\osu\osu.Game\Beatmaps\IBeatmapDifficultyInfo.cs(140,67): warning IDE0001: Name can be simplified [D:\Off Limits Tools\Kumori\third_party\osu\osu.Game\osu.Game.csproj]
D:\Off Limits Tools\Kumori\third_party\osu\osu.Game\Beatmaps\BeatmapDifficultyCache.cs(108,13): warning IDE0002: Name can be simplified [D:\Off Limits Tools\Kumori\third_party\osu\osu.Game\osu.Game.csproj]
D:\Off Limits Tools\Kumori\third_party\osu\osu.Game\Beatmaps\BeatmapDifficultyCache.cs(172,13): warning IDE0019: Use pattern matching [D:\Off Limits Tools\Kumori\third_party\osu\osu.Game\osu.Game.csproj]
D:\Off Limits Tools\Kumori\third_party\osu\osu.Game\Beatmaps\BeatmapDifficultyCache.cs(173,13): warning IDE0019: Use pattern matching [D:\Off Limits Tools\Kumori\third_party\osu\osu.Game\osu.Game.csproj]
D:\Off Limits Tools\Kumori\third_party\osu\osu.Game\Rulesets\Objects\Drawables\DrawableHitObject.cs(373,83): warning IDE0001: Name can be simplified [D:\Off Limits Tools\Kumori\third_party\osu\osu.Game\osu.Game.csproj]
D:\Off Limits Tools\Kumori\third_party\osu\osu.Game\Rulesets\Objects\Drawables\DrawableHitObject.cs(381,83): warning IDE0001: Name can be simplified [D:\Off Limits Tools\Kumori\third_party\osu\osu.Game\osu.Game.csproj]
D:\Off Limits Tools\Kumori\third_party\osu\osu.Game\Rulesets\Objects\Drawables\DrawableHitObject.cs(756,18): warning IDE0260: Use pattern matching [D:\Off Limits Tools\Kumori\third_party\osu\osu.Game\osu.Game.csproj]
D:\Off Limits Tools\Kumori\third_party\osu\osu.Game\Beatmaps\Formats\LegacyDifficultyCalculatorBeatmapDecoder.cs(11,91): warning IDE0001: Name can be simplified [D:\Off Limits Tools\Kumori\third_party\osu\osu.Game\osu.Game.csproj]
D:\Off Limits Tools\Kumori\third_party\osu\osu.Game\Beatmaps\FlatWorkingBeatmap.cs(18,54): warning IDE0001: Name can be simplified [D:\Off Limits Tools\Kumori\third_party\osu\osu.Game\osu.Game.csproj]
D:\Off Limits Tools\Kumori\third_party\osu\osu.Game\Beatmaps\FlatWorkingBeatmap.cs(18,126): warning IDE0001: Name can be simplified [D:\Off Limits Tools\Kumori\third_party\osu\osu.Game\osu.Game.csproj]
D:\Off Limits Tools\Kumori\third_party\osu\osu.Game\Beatmaps\IWorkingBeatmap.cs(26,85): warning IDE0001: Name can be simplified [D:\Off Limits Tools\Kumori\third_party\osu\osu.Game\osu.Game.csproj]
D:\Off Limits Tools\Kumori\third_party\osu\osu.Game\Beatmaps\IWorkingBeatmap.cs(26,116): warning IDE0001: Name can be simplified [D:\Off Limits Tools\Kumori\third_party\osu\osu.Game\osu.Game.csproj]
D:\Off Limits Tools\Kumori\third_party\osu\osu.Game\Beatmaps\IWorkingBeatmap.cs(87,43): warning IDE0001: Name can be simplified [D:\Off Limits Tools\Kumori\third_party\osu\osu.Game\osu.Game.csproj]
D:\Off Limits Tools\Kumori\third_party\osu\osu.Game\Beatmaps\IWorkingBeatmap.cs(87,74): warning IDE0001: Name can be simplified [D:\Off Limits Tools\Kumori\third_party\osu\osu.Game\osu.Game.csproj]
D:\Off Limits Tools\Kumori\third_party\osu\osu.Game\Beatmaps\IWorkingBeatmap.cs(87,143): warning IDE0001: Name can be simplified [D:\Off Limits Tools\Kumori\third_party\osu\osu.Game\osu.Game.csproj]
D:\Off Limits Tools\Kumori\third_party\osu\osu.Game\Database\RealmExtensions.cs(15,49): warning IDE0001: Name can be simplified [D:\Off Limits Tools\Kumori\third_party\osu\osu.Game\osu.Game.csproj]
D:\Off Limits Tools\Kumori\third_party\osu\osu.Game\Graphics\Containers\Markdown\Extensions\BlockAttributeExtension.cs(12,33): warning IDE0001: Name can be simplified [D:\Off Limits Tools\Kumori\third_party\osu\osu.Game\osu.Game.csproj]
D:\Off Limits Tools\Kumori\third_party\osu\osu.Game\Graphics\Containers\Markdown\Extensions\BlockAttributeExtension.cs(16,63): warning IDE0001: Name can be simplified [D:\Off Limits Tools\Kumori\third_party\osu\osu.Game\osu.Game.csproj]
D:\Off Limits Tools\Kumori\third_party\osu\osu.Game\Online\API\DummyAPIAccess.cs(96,54): warning IDE0002: Name can be simplified [D:\Off Limits Tools\Kumori\third_party\osu\osu.Game\osu.Game.csproj]
D:\Off Limits Tools\Kumori\third_party\osu\osu.Game\Online\API\APIAccess.cs(162,54): warning IDE0002: Name can be simplified [D:\Off Limits Tools\Kumori\third_party\osu\osu.Game\osu.Game.csproj]
D:\Off Limits Tools\Kumori\third_party\osu\osu.Game\Rulesets\Filter\IRulesetFilterCriteria.cs(45,83): warning IDE0001: Name can be simplified [D:\Off Limits Tools\Kumori\third_party\osu\osu.Game\osu.Game.csproj]
D:\Off Limits Tools\Kumori\third_party\osu\osu.Game\Rulesets\Filter\IRulesetFilterCriteria.cs(45,139): warning IDE0001: Name can be simplified [D:\Off Limits Tools\Kumori\third_party\osu\osu.Game\osu.Game.csproj]
D:\Off Limits Tools\Kumori\third_party\osu\osu.Game\Rulesets\Judgements\JudgementResult.cs(41,122): warning IDE0001: Name can be simplified [D:\Off Limits Tools\Kumori\third_party\osu\osu.Game\osu.Game.csproj]
D:\Off Limits Tools\Kumori\third_party\osu\osu.Game\Rulesets\Judgements\JudgementResult.cs(50,152): warning IDE0001: Name can be simplified [D:\Off Limits Tools\Kumori\third_party\osu\osu.Game\osu.Game.csproj]
D:\Off Limits Tools\Kumori\third_party\osu\osu.Game\Rulesets\Judgements\DrawableJudgement.cs(20,75): warning IDE0001: Name can be simplified [D:\Off Limits Tools\Kumori\third_party\osu\osu.Game\osu.Game.csproj]
D:\Off Limits Tools\Kumori\third_party\osu\osu.Game\Rulesets\Edit\HitObjectPlacementBlueprint.cs(166,32): warning IDE0001: Name can be simplified [D:\Off Limits Tools\Kumori\third_party\osu\osu.Game\osu.Game.csproj]
D:\Off Limits Tools\Kumori\third_party\osu\osu.Game\Rulesets\Edit\HitObjectPlacementBlueprint.cs(167,35): warning IDE0001: Name can be simplified [D:\Off Limits Tools\Kumori\third_party\osu\osu.Game\osu.Game.csproj]
D:\Off Limits Tools\Kumori\third_party\osu\osu.Game\Rulesets\Scoring\HitEventExtensions.cs(98,46): warning IDE0001: Name can be simplified [D:\Off Limits Tools\Kumori\third_party\osu\osu.Game\osu.Game.csproj]
D:\Off Limits Tools\Kumori\third_party\osu\osu.Game\Rulesets\Scoring\HitEventExtensions.cs(101,63): warning IDE0001: Name can be simplified [D:\Off Limits Tools\Kumori\third_party\osu\osu.Game\osu.Game.csproj]
D:\Off Limits Tools\Kumori\third_party\osu\osu.Game\Scoring\ScoreInfo.cs(41,90): warning IDE0001: Name can be simplified [D:\Off Limits Tools\Kumori\third_party\osu\osu.Game\osu.Game.csproj]
D:\Off Limits Tools\Kumori\third_party\osu\osu.Game\Scoring\ScoreInfo.cs(56,28): warning IDE0001: Name can be simplified [D:\Off Limits Tools\Kumori\third_party\osu\osu.Game\osu.Game.csproj]
D:\Off Limits Tools\Kumori\third_party\osu\osu.Game\Screens\Edit\Compose\Components\Timeline\ZoomableScrollContainer.cs(212,39): warning IDE0001: Name can be simplified [D:\Off Limits Tools\Kumori\third_party\osu\osu.Game\osu.Game.csproj]
D:\Off Limits Tools\Kumori\third_party\osu\osu.Game\Screens\Edit\Compose\Components\BlueprintContainer.cs(28,70): warning IDE0001: Name can be simplified [D:\Off Limits Tools\Kumori\third_party\osu\osu.Game\osu.Game.csproj]
D:\Off Limits Tools\Kumori\third_party\osu\osu.Game\Screens\Edit\Compose\Components\BlueprintContainer.cs(103,34): warning IDE0001: Name can be simplified [D:\Off Limits Tools\Kumori\third_party\osu\osu.Game\osu.Game.csproj]
D:\Off Limits Tools\Kumori\third_party\osu\osu.Game\Screens\OnlinePlay\Matchmaking\Match\BeatmapSelect\MatchmakingSelectPanel.CardContentBeatmap.cs(95,52): warning IDE0002: Name can be simplified [D:\Off Limits Tools\Kumori\third_party\osu\osu.Game\osu.Game.csproj]
D:\Off Limits Tools\Kumori\third_party\osu\osu.Game\Screens\OnlinePlay\Matchmaking\Match\BeatmapSelect\MatchmakingSelectPanel.CardContentBeatmap.cs(117,37): warning IDE0002: Name can be simplified [D:\Off Limits Tools\Kumori\third_party\osu\osu.Game\osu.Game.csproj]
D:\Off Limits Tools\Kumori\third_party\osu\osu.Game\Screens\OnlinePlay\Matchmaking\Match\BeatmapSelect\MatchmakingSelectPanel.CardContentBeatmap.cs(118,61): warning IDE0002: Name can be simplified [D:\Off Limits Tools\Kumori\third_party\osu\osu.Game\osu.Game.csproj]
D:\Off Limits Tools\Kumori\third_party\osu\osu.Game\Screens\Play\SaveFailedScoreButton.cs(68,62): warning IDE0001: Name can be simplified [D:\Off Limits Tools\Kumori\third_party\osu\osu.Game\osu.Game.csproj]
D:\Off Limits Tools\Kumori\third_party\osu\osu.Game\Tests\Visual\Multiplayer\IMultiplayerTestSceneDependencies.cs(20,35): warning IDE0001: Name can be simplified [D:\Off Limits Tools\Kumori\third_party\osu\osu.Game\osu.Game.csproj]
D:\Off Limits Tools\Kumori\third_party\osu\osu.Game\Skinning\TrianglesSkin.cs(28,18): warning IDE0002: Name can be simplified [D:\Off Limits Tools\Kumori\third_party\osu\osu.Game\osu.Game.csproj]
D:\Off Limits Tools\Kumori\third_party\osu\osu.Game\Skinning\TrianglesSkin.cs(66,18): warning IDE0260: Use pattern matching [D:\Off Limits Tools\Kumori\third_party\osu\osu.Game\osu.Game.csproj]
D:\Off Limits Tools\Kumori\third_party\osu\osu.Game\IO\HardLinkHelper.cs(91,21): warning IDE0018: Variable declaration can be inlined [D:\Off Limits Tools\Kumori\third_party\osu\osu.Game\osu.Game.csproj]
D:\Off Limits Tools\Kumori\third_party\osu\osu.Game\Storyboards\StoryboardSprite.cs(69,22): warning IDE0062: Local function can be made static [D:\Off Limits Tools\Kumori\third_party\osu\osu.Game\osu.Game.csproj]
D:\Off Limits Tools\Kumori\third_party\osu\osu.Game\Rulesets\UI\Playfield.cs(464,13): warning IDE0018: Variable declaration can be inlined [D:\Off Limits Tools\Kumori\third_party\osu\osu.Game\osu.Game.csproj]
D:\Off Limits Tools\Kumori\third_party\osu\osu.Game\Overlays\Dashboard\Friends\FriendsList.cs(117,29): warning IDE0017: Object initialization can be simplified [D:\Off Limits Tools\Kumori\third_party\osu\osu.Game\osu.Game.csproj]
D:\Off Limits Tools\Kumori\third_party\osu\osu.Game\Rulesets\Edit\EditorTimestampParser.cs(59,17): warning IDE0018: Variable declaration can be inlined [D:\Off Limits Tools\Kumori\third_party\osu\osu.Game\osu.Game.csproj]
D:\Off Limits Tools\Kumori\third_party\osu\osu.Game\Rulesets\Edit\EditorTimestampParser.cs(59,26): warning IDE0018: Variable declaration can be inlined [D:\Off Limits Tools\Kumori\third_party\osu\osu.Game\osu.Game.csproj]
D:\Off Limits Tools\Kumori\third_party\osu\osu.Game\Rulesets\Edit\EditorTimestampParser.cs(59,35): warning IDE0018: Variable declaration can be inlined [D:\Off Limits Tools\Kumori\third_party\osu\osu.Game\osu.Game.csproj]
D:\Off Limits Tools\Kumori\third_party\osu\osu.Game\Overlays\Mods\ModPresetPanel.cs(111,36): warning IDE0017: Object initialization can be simplified [D:\Off Limits Tools\Kumori\third_party\osu\osu.Game\osu.Game.csproj]
D:\Off Limits Tools\Kumori\third_party\osu\osu.Game\Overlays\Mods\ModSelectColumn.cs(192,18): warning IDE0062: Local function can be made static [D:\Off Limits Tools\Kumori\third_party\osu\osu.Game\osu.Game.csproj]
D:\Off Limits Tools\Kumori\third_party\osu\osu.Game\Screens\Play\PlayerSettings\BeatmapOffsetControl.cs(361,31): warning IDE0062: Local function can be made static [D:\Off Limits Tools\Kumori\third_party\osu\osu.Game\osu.Game.csproj]
D:\Off Limits Tools\Kumori\third_party\osu\osu.Game\Screens\Edit\Compose\Components\EditorSelectionHandler.cs(519,17): warning IDE0019: Use pattern matching [D:\Off Limits Tools\Kumori\third_party\osu\osu.Game\osu.Game.csproj]
D:\Off Limits Tools\Kumori\third_party\osu\osu.Game\Overlays\Settings\Sections\Input\KeyBindingRow.cs(374,18): warning IDE0062: Local function can be made static [D:\Off Limits Tools\Kumori\third_party\osu\osu.Game\osu.Game.csproj]
D:\Off Limits Tools\Kumori\third_party\osu\osu.Game\Screens\Edit\EditorBeatmapSkin.cs(141,25): warning IDE0018: Variable declaration can be inlined [D:\Off Limits Tools\Kumori\third_party\osu\osu.Game\osu.Game.csproj]
D:\Off Limits Tools\Kumori\third_party\osu\osu.Game\Screens\OnlinePlay\Matchmaking\RankedPlay\PickScreen.cs(273,13): warning IDE0018: Variable declaration can be inlined [D:\Off Limits Tools\Kumori\third_party\osu\osu.Game\osu.Game.csproj]
D:\Off Limits Tools\Kumori\third_party\osu\osu.Game\Screens\OnlinePlay\Matchmaking\RankedPlay\OpponentPickScreen.cs(156,17): warning IDE0018: Variable declaration can be inlined [D:\Off Limits Tools\Kumori\third_party\osu\osu.Game\osu.Game.csproj]
D:\Off Limits Tools\Kumori\third_party\osu\osu.Game\Beatmaps\FramedBeatmapClock.cs(272,20): warning IDE0062: Local function can be made static [D:\Off Limits Tools\Kumori\third_party\osu\osu.Game\osu.Game.csproj]
D:\Off Limits Tools\Kumori\third_party\osu\osu.Game\Rulesets\Mods\RateAdjustModHelper.cs(45,36): warning IDE0062: Local function can be made static [D:\Off Limits Tools\Kumori\third_party\osu\osu.Game\osu.Game.csproj]
D:\Off Limits Tools\Kumori\third_party\osu\osu.Game\Screens\Loader.cs(62,22): warning IDE0062: Local function can be made static [D:\Off Limits Tools\Kumori\third_party\osu\osu.Game\osu.Game.csproj]
D:\Off Limits Tools\Kumori\third_party\osu\osu.Game\Rulesets\Mods\ModDifficultyAdjust.cs(82,24): warning IDE0062: Local function can be made static [D:\Off Limits Tools\Kumori\third_party\osu\osu.Game\osu.Game.csproj]
D:\Off Limits Tools\Kumori\third_party\osu\osu.Game\Beatmaps\Drawables\Cards\BeatmapCardExtra.cs(293,34): warning IDE0062: Local function can be made static [D:\Off Limits Tools\Kumori\third_party\osu\osu.Game\osu.Game.csproj]
D:\Off Limits Tools\Kumori\third_party\osu\osu.Game\Screens\Edit\Compose\Components\Timeline\TimelineSelectionHandler.cs(115,18): warning IDE0062: Local function can be made static [D:\Off Limits Tools\Kumori\third_party\osu\osu.Game\osu.Game.csproj]
D:\Off Limits Tools\Kumori\third_party\osu\osu.Game\Screens\Ranking\Statistics\AverageHitError.cs(31,31): warning IDE0062: Local function can be made static [D:\Off Limits Tools\Kumori\third_party\osu\osu.Game\osu.Game.csproj]
D:\Off Limits Tools\Kumori\third_party\osu\osu.Game\Overlays\Settings\Sections\Input\RotationPresetButtons.cs(41,36): warning IDE0062: Local function can be made static [D:\Off Limits Tools\Kumori\third_party\osu\osu.Game\osu.Game.csproj]
D:\Off Limits Tools\Kumori\third_party\osu\osu.Game\Overlays\Rankings\RankingsOverlayHeader.cs(50,18): warning IDE0062: Local function can be made static [D:\Off Limits Tools\Kumori\third_party\osu\osu.Game\osu.Game.csproj]
D:\Off Limits Tools\Kumori\third_party\osu\osu.Game\Rulesets\UI\ModSwitchTiny.cs(127,44): warning IDE0017: Object initialization can be simplified [D:\Off Limits Tools\Kumori\third_party\osu\osu.Game\osu.Game.csproj]
D:\Off Limits Tools\Kumori\third_party\osu\osu.Game\Rulesets\UI\ModIcon.cs(223,44): warning IDE0017: Object initialization can be simplified [D:\Off Limits Tools\Kumori\third_party\osu\osu.Game\osu.Game.csproj]
D:\Off Limits Tools\Kumori\third_party\osu\osu.Game\Beatmaps\Drawables\BeatmapDownloadButton.cs(108,30): warning IDE0260: Use pattern matching [D:\Off Limits Tools\Kumori\third_party\osu\osu.Game\osu.Game.csproj]
D:\Off Limits Tools\Kumori\third_party\osu\osu.Game\Screens\OnlinePlay\DrawableRoomPlaylistItem.cs(357,44): warning IDE0260: Use pattern matching [D:\Off Limits Tools\Kumori\third_party\osu\osu.Game\osu.Game.csproj]
D:\Off Limits Tools\Kumori\third_party\osu\osu.Game\Screens\OnlinePlay\OnlinePlayScreen.cs(139,18): warning IDE0260: Use pattern matching [D:\Off Limits Tools\Kumori\third_party\osu\osu.Game\osu.Game.csproj]
D:\Off Limits Tools\Kumori\third_party\osu\osu.Game\Screens\OnlinePlay\OnlinePlayScreen.cs(155,18): warning IDE0260: Use pattern matching [D:\Off Limits Tools\Kumori\third_party\osu\osu.Game\osu.Game.csproj]
D:\Off Limits Tools\Kumori\third_party\osu\osu.Game\Screens\OnlinePlay\Multiplayer\Participants\TeamDisplay.cs(122,32): warning IDE0260: Use pattern matching [D:\Off Limits Tools\Kumori\third_party\osu\osu.Game\osu.Game.csproj]
D:\Off Limits Tools\Kumori\third_party\osu\osu.Game\Skinning\ArgonSkin.cs(94,18): warning IDE0260: Use pattern matching [D:\Off Limits Tools\Kumori\third_party\osu\osu.Game\osu.Game.csproj]
D:\Off Limits Tools\Kumori\third_party\osu\osu.Game\Rulesets\Edit\ScrollingHitObjectComposer.cs(122,13): warning IDE0019: Use pattern matching [D:\Off Limits Tools\Kumori\third_party\osu\osu.Game\osu.Game.csproj]
D:\Off Limits Tools\Kumori\third_party\osu\osu.Game\Overlays\Dashboard\UserSearch\UserPanelList.cs(51,29): warning IDE0017: Object initialization can be simplified [D:\Off Limits Tools\Kumori\third_party\osu\osu.Game\osu.Game.csproj]
D:\Off Limits Tools\Kumori\third_party\osu\osu.Game\Tests\Visual\OsuManualInputManagerTestScene.cs(146,75): warning IDE0260: Use pattern matching [D:\Off Limits Tools\Kumori\third_party\osu\osu.Game\osu.Game.csproj]
D:\Off Limits Tools\Kumori\third_party\osu\osu.Game\Screens\OnlinePlay\Multiplayer\Spectate\PlayerArea.cs(35,38): warning IDE0260: Use pattern matching [D:\Off Limits Tools\Kumori\third_party\osu\osu.Game\osu.Game.csproj]
D:\Off Limits Tools\Kumori\third_party\osu\osu.Game.Rulesets.Osu\Difficulty\Preprocessing\OsuDifficultyHitObject.cs(217,13): warning IDE0019: Use pattern matching [D:\Off Limits Tools\Kumori\third_party\osu\osu.Game.Rulesets.Osu\osu.Game.Rulesets.Osu.csproj]
D:\Off Limits Tools\Kumori\third_party\osu\osu.Game.Rulesets.Osu\Edit\Checks\CheckOsuAbnormalDifficultySettings.cs(18,13): warning IDE0018: Variable declaration can be inlined [D:\Off Limits Tools\Kumori\third_party\osu\osu.Game.Rulesets.Osu\osu.Game.Rulesets.Osu.csproj]
D:\Off Limits Tools\Kumori\third_party\osu\osu.Game.Rulesets.Osu\Mods\OsuModDifficultyAdjust.cs(56,24): warning IDE0062: Local function can be made static [D:\Off Limits Tools\Kumori\third_party\osu\osu.Game.Rulesets.Osu\osu.Game.Rulesets.Osu.csproj]
D:\Off Limits Tools\Kumori\third_party\osu\osu.Game.Rulesets.Osu\Mods\OsuModDifficultyAdjust.cs(96,22): warning IDE0260: Use pattern matching [D:\Off Limits Tools\Kumori\third_party\osu\osu.Game.Rulesets.Osu\osu.Game.Rulesets.Osu.csproj]
D:\Off Limits Tools\Kumori\third_party\osu\osu.Game.Rulesets.Osu\Skinning\Legacy\LegacyCursorTrail.cs(8,1): warning IDE0005: Using directive is unnecessary. [D:\Off Limits Tools\Kumori\third_party\osu\osu.Game.Rulesets.Osu\osu.Game.Rulesets.Osu.csproj]
D:\Off Limits Tools\Kumori\third_party\osu\osu.Game.Rulesets.Osu\UI\Cursor\CursorRippleVisualiser.cs(43,18): warning IDE0260: Use pattern matching [D:\Off Limits Tools\Kumori\third_party\osu\osu.Game.Rulesets.Osu\osu.Game.Rulesets.Osu.csproj]
D:\Off Limits Tools\Kumori\third_party\osu\osu.Game.Rulesets.Osu\Mods\OsuModStrictTracking.cs(45,26): warning IDE0260: Use pattern matching [D:\Off Limits Tools\Kumori\third_party\osu\osu.Game.Rulesets.Osu\osu.Game.Rulesets.Osu.csproj]
